,Feature name,Optimal AUC @ 50%,Above threshold
0,log-sigma-1-0-mm-3D_glszm_LargeAreaEmphasis,0.9028148148148147,0
1,log-sigma-1-0-mm-3D_glszm_ZoneVariance,0.9028148148148147,0
2,original_glrlm_GrayLevelNonUniformity,0.9020681265206812,0
3,original_ngtdm_Coarseness,0.9020681265206812,1
4,wavelet-LLL_glszm_LargeAreaEmphasis,0.9013986013986014,0
5,wavelet-LLL_glszm_ZoneVariance,0.9013986013986014,0
6,original_shape_MeshVolume,0.9013137316233969,0
7,original_shape_VoxelVolume,0.9013137316233969,0
8,wavelet-LLH_firstorder_Energy,0.9013137316233969,0
9,wavelet-LLH_firstorder_TotalEnergy,0.9013137316233969,0
10,wavelet-LHL_firstorder_Energy,0.9013137316233969,0
11,wavelet-LHL_firstorder_TotalEnergy,0.9013137316233969,0
12,wavelet-LHH_firstorder_Energy,0.9013137316233969,0
13,wavelet-LHH_firstorder_TotalEnergy,0.9013137316233969,0
14,wavelet-LHH_gldm_GrayLevelNonUniformity,0.9013137316233969,0
15,wavelet-LHH_glrlm_GrayLevelNonUniformity,0.9013137316233969,0
16,wavelet-LHH_ngtdm_Coarseness,0.9013137316233969,1
17,wavelet-HLL_firstorder_Energy,0.9013137316233969,0
18,wavelet-HLL_firstorder_TotalEnergy,0.9013137316233969,0
19,wavelet-HLH_firstorder_Energy,0.9013137316233969,0
20,wavelet-HLH_firstorder_TotalEnergy,0.9013137316233969,0
21,wavelet-HLH_gldm_GrayLevelNonUniformity,0.9013137316233969,0
22,wavelet-HLH_glrlm_GrayLevelNonUniformity,0.9013137316233969,0
23,wavelet-HLH_glrlm_RunLengthNonUniformity,0.9013137316233969,0
24,wavelet-HLH_ngtdm_Coarseness,0.9013137316233969,1
25,wavelet-HHL_firstorder_Energy,0.9013137316233969,0
26,wavelet-HHL_firstorder_TotalEnergy,0.9013137316233969,0
27,wavelet-HHH_firstorder_Energy,0.9013137316233969,0
28,wavelet-HHH_firstorder_TotalEnergy,0.9013137316233969,0
29,wavelet-HHH_gldm_GrayLevelNonUniformity,0.9013137316233969,0
30,wavelet-HHH_glrlm_GrayLevelNonUniformity,0.9013137316233969,0
31,wavelet-HHH_glrlm_RunLengthNonUniformity,0.9013137316233969,0
32,wavelet-HHH_ngtdm_Coarseness,0.9013137316233969,1
33,log-sigma-1-0-mm-3D_firstorder_Energy,0.9013137316233969,0
34,log-sigma-1-0-mm-3D_firstorder_TotalEnergy,0.9013137316233969,0
35,log-sigma-2-0-mm-3D_firstorder_Energy,0.9013137316233969,0
36,log-sigma-2-0-mm-3D_firstorder_TotalEnergy,0.9013137316233969,0
37,log-sigma-3-0-mm-3D_firstorder_Energy,0.9013137316233969,0
38,log-sigma-3-0-mm-3D_firstorder_TotalEnergy,0.9013137316233969,0
39,log-sigma-4-0-mm-3D_firstorder_Energy,0.9013137316233969,0
40,log-sigma-4-0-mm-3D_firstorder_TotalEnergy,0.9013137316233969,0
41,log-sigma-5-0-mm-3D_firstorder_Energy,0.9013137316233969,0
42,log-sigma-5-0-mm-3D_firstorder_TotalEnergy,0.9013137316233969,0
43,wavelet-LLH_glrlm_RunLengthNonUniformity,0.9011717545482577,0
44,wavelet-LLH_gldm_GrayLevelNonUniformity,0.9002189552705662,0
45,log-sigma-2-0-mm-3D_ngtdm_Coarseness,0.9000925069380202,1
46,log-sigma-3-0-mm-3D_ngtdm_Coarseness,0.9000925069380202,1
47,log-sigma-4-0-mm-3D_ngtdm_Coarseness,0.9000925069380202,1
48,wavelet-HHH_gldm_DependenceNonUniformity,0.9000625586487332,0
49,wavelet-LHH_glrlm_RunLengthNonUniformity,0.8996825396825396,0
50,log-sigma-4-0-mm-3D_gldm_DependenceNonUniformity,0.8991241789177354,0
51,wavelet-LLH_gldm_DependenceNonUniformity,0.8989677822959025,0
52,wavelet-LLH_glrlm_GrayLevelNonUniformity,0.8989677822959025,0
53,wavelet-LLH_ngtdm_Coarseness,0.8989677822959025,1
54,original_glszm_LargeAreaEmphasis,0.898887913374305,0
55,original_glszm_ZoneVariance,0.898887913374305,0
56,wavelet-LHH_gldm_DependenceNonUniformity,0.8988113856740695,0
57,wavelet-HLH_gldm_DependenceNonUniformity,0.8988113856740695,0
58,log-sigma-1-0-mm-3D_gldm_GrayLevelNonUniformity,0.8988113856740695,0
59,original_firstorder_Energy,0.8985714285714285,0
60,original_firstorder_TotalEnergy,0.8985714285714285,0
61,log-sigma-1-0-mm-3D_gldm_DependenceNonUniformity,0.8985714285714285,0
62,log-sigma-1-0-mm-3D_glrlm_GrayLevelNonUniformity,0.8985714285714285,0
63,log-sigma-1-0-mm-3D_ngtdm_Coarseness,0.8985714285714285,1
64,log-sigma-4-0-mm-3D_glszm_LargeAreaHighGrayLevelEmphasis,0.8983703703703703,0
65,wavelet-HHL_gldm_DependenceNonUniformity,0.8982664233576643,0
66,original_shape_SurfaceArea,0.8982539682539682,0
67,wavelet-LLL_firstorder_Energy,0.8973141172617098,0
68,wavelet-LLL_firstorder_TotalEnergy,0.8973141172617098,0
69,log-sigma-2-0-mm-3D_glszm_LargeAreaHighGrayLevelEmphasis,0.8962962962962963,0
70,log-sigma-3-0-mm-3D_gldm_DependenceNonUniformity,0.8961904761904763,0
71,log-sigma-3-0-mm-3D_glszm_LargeAreaHighGrayLevelEmphasis,0.8961481481481481,0
72,wavelet-HLL_glrlm_GrayLevelNonUniformity,0.8960317460317461,0
73,wavelet-HLL_ngtdm_Coarseness,0.8960317460317461,1
74,log-sigma-2-0-mm-3D_glrlm_GrayLevelNonUniformity,0.8956213382670367,0
75,log-sigma-3-0-mm-3D_glszm_GrayLevelNonUniformity,0.8952250608272505,0
76,log-sigma-1-0-mm-3D_glszm_LargeAreaHighGrayLevelEmphasis,0.8951706188548294,0
77,wavelet-LHL_gldm_DependenceNonUniformity,0.8941269841269841,0
78,original_shape_Maximum3DDiameter,0.8941194870190804,0
79,wavelet-HHL_glrlm_GrayLevelNonUniformity,0.8938095238095238,0
80,wavelet-HHL_ngtdm_Coarseness,0.8938095238095238,1
81,log-sigma-3-0-mm-3D_glrlm_GrayLevelNonUniformity,0.8938066937754144,0
82,log-sigma-2-0-mm-3D_gldm_GrayLevelNonUniformity,0.8936502971535815,0
83,wavelet-HHL_gldm_GrayLevelNonUniformity,0.8928461301264262,0
84,log-sigma-5-0-mm-3D_glszm_GrayLevelNonUniformity,0.8926984126984127,0
85,wavelet-HLH_glszm_LargeAreaHighGrayLevelEmphasis,0.8926919518963922,0
86,log-sigma-5-0-mm-3D_glrlm_RunEntropy,0.8925570228091236,0
87,wavelet-LHL_glszm_GrayLevelNonUniformity,0.8925377736663582,0
88,wavelet-LHL_ngtdm_Coarseness,0.8923809523809524,1
89,wavelet-LLL_gldm_GrayLevelNonUniformity,0.8922569027611045,0
90,wavelet-HHL_glrlm_RunLengthNonUniformity,0.892183698296837,0
91,log-sigma-5-0-mm-3D_gldm_DependenceNonUniformity,0.8920863309352519,0
92,wavelet-LHL_gldm_GrayLevelNonUniformity,0.8919567827130853,0
93,wavelet-HLL_gldm_GrayLevelNonUniformity,0.8919299343134188,0
94,log-sigma-4-0-mm-3D_glszm_SizeZoneNonUniformity,0.8917004048582996,0
95,wavelet-HLL_glszm_GrayLevelNonUniformity,0.8916127042861549,0
96,wavelet-LHL_glrlm_GrayLevelNonUniformity,0.8914585260561209,0
97,wavelet-HHH_glszm_SmallAreaEmphasis,0.8913565426170469,0
98,wavelet-HLL_gldm_DependenceNonUniformity,0.8912698412698413,0
99,log-sigma-5-0-mm-3D_glszm_LargeAreaHighGrayLevelEmphasis,0.8911325724319579,0
100,log-sigma-1-0-mm-3D_glrlm_RunLengthNonUniformity,0.8911192214111922,0
101,log-sigma-2-0-mm-3D_glszm_LargeAreaEmphasis,0.8905334566759173,0
102,log-sigma-2-0-mm-3D_glszm_ZoneVariance,0.8905334566759173,0
103,wavelet-LLL_ngtdm_Coarseness,0.8904561824729892,1
104,wavelet-LLL_glrlm_GrayLevelNonUniformity,0.8900060024009605,0
105,original_gldm_GrayLevelNonUniformity,0.8899026763990268,0
106,wavelet-HHL_glszm_GrayLevelNonUniformity,0.8898412698412698,0
107,wavelet-HHH_glszm_LargeAreaHighGrayLevelEmphasis,0.8897625655257477,0
108,original_shape_Maximum2DDiameterSlice,0.8891254503766788,0
109,log-sigma-3-0-mm-3D_gldm_GrayLevelNonUniformity,0.888888888888889,0
110,log-sigma-4-0-mm-3D_gldm_GrayLevelNonUniformity,0.888888888888889,0
111,log-sigma-5-0-mm-3D_gldm_GrayLevelNonUniformity,0.888888888888889,0
112,wavelet-LLH_glszm_LargeAreaEmphasis,0.8888381995133819,0
113,wavelet-LLH_glszm_ZoneVariance,0.8888381995133819,0
114,log-sigma-2-0-mm-3D_ngtdm_Contrast,0.8888111888111887,1
115,log-sigma-2-0-mm-3D_gldm_DependenceVariance,0.8887475261521063,1
116,wavelet-HLL_glszm_LargeAreaEmphasis,0.8887061403508771,0
117,wavelet-HLL_glszm_ZoneVariance,0.8887061403508771,0
118,wavelet-LHH_gldm_DependenceNonUniformityNormalized,0.8886713286713286,0
119,original_shape_SurfaceVolumeRatio,0.8884986830553117,1
120,log-sigma-4-0-mm-3D_glszm_LargeAreaEmphasis,0.8883553421368546,0
121,log-sigma-4-0-mm-3D_glszm_ZoneVariance,0.8883553421368546,0
122,wavelet-HHH_glszm_ZoneVariance,0.8882539682539682,0
123,wavelet-HLL_glrlm_RunLengthNonUniformity,0.8881481481481481,0
124,original_shape_LeastAxisLength,0.8879257907542579,0
125,log-sigma-2-0-mm-3D_gldm_DependenceNonUniformity,0.8878143133462283,0
126,wavelet-LHL_glrlm_RunLengthNonUniformity,0.8877582485353067,0
127,log-sigma-5-0-mm-3D_ngtdm_Coarseness,0.8877582485353067,1
128,log-sigma-5-0-mm-3D_glcm_Idn,0.8875555555555555,0
129,log-sigma-3-0-mm-3D_ngtdm_Contrast,0.887454981992797,1
130,original_shape_MajorAxisLength,0.8869252424147639,0
131,log-sigma-2-0-mm-3D_glszm_GrayLevelNonUniformity,0.8869252424147639,0
132,wavelet-LLL_gldm_DependenceNonUniformity,0.8868331791551033,0
133,original_glrlm_RunLengthNonUniformity,0.8867092457420924,0
134,wavelet-LHH_glszm_LargeAreaHighGrayLevelEmphasis,0.8866860090264345,0
135,wavelet-HHH_glszm_LargeAreaEmphasis,0.8866790009250693,0
136,wavelet-HHH_glrlm_ShortRunEmphasis,0.8864501024290313,1
137,log-sigma-2-0-mm-3D_glrlm_RunLengthNonUniformity,0.886405109489051,0
138,log-sigma-3-0-mm-3D_glszm_LargeAreaEmphasis,0.886405109489051,0
139,log-sigma-3-0-mm-3D_glszm_ZoneVariance,0.886405109489051,0
140,log-sigma-4-0-mm-3D_glszm_GrayLevelNonUniformity,0.886405109489051,0
141,wavelet-LHH_gldm_DependenceEntropy,0.8862029968900198,1
142,wavelet-HHL_glszm_SizeZoneNonUniformity,0.8858043217286915,0
143,log-sigma-5-0-mm-3D_glcm_Idmn,0.8856542617046819,0
144,wavelet-HLH_glcm_SumEntropy,0.8856375459428895,1
145,original_glszm_GrayLevelNonUniformity,0.8855721393034826,0
146,original_shape_Maximum2DDiameterRow,0.8855555555555555,0
147,log-sigma-5-0-mm-3D_firstorder_InterquartileRange,0.8855103120042306,1
148,log-sigma-5-0-mm-3D_glszm_LargeAreaEmphasis,0.885204081632653,0
149,log-sigma-5-0-mm-3D_glszm_ZoneVariance,0.885204081632653,0
150,wavelet-LLL_glszm_LargeAreaHighGrayLevelEmphasis,0.8850364963503651,0
151,original_shape_MinorAxisLength,0.8848288621646624,0
152,log-sigma-3-0-mm-3D_glrlm_RunLengthNonUniformityNormalized,0.8846480067854113,1
153,wavelet-LHL_glszm_SizeZoneNonUniformity,0.8844444444444444,0
154,wavelet-LHH_glszm_LargeAreaEmphasis,0.8844282238442822,0
155,wavelet-LHH_glszm_ZoneVariance,0.8844282238442822,0
156,wavelet-LHL_glszm_LargeAreaEmphasis,0.8841481481481481,0
157,wavelet-LHL_glszm_ZoneVariance,0.8841481481481481,0
158,log-sigma-5-0-mm-3D_glrlm_GrayLevelNonUniformity,0.884124087591241,0
159,wavelet-HHH_gldm_DependenceVariance,0.8839411931014984,1
160,wavelet-HHH_glrlm_RunLengthNonUniformityNormalized,0.8839336763865066,1
161,original_shape_Maximum2DDiameterColumn,0.8837846550612509,0
162,log-sigma-4-0-mm-3D_glrlm_RunLengthNonUniformityNormalized,0.8836584676279332,1
163,original_gldm_DependenceNonUniformity,0.8836409133562716,0
164,wavelet-LLH_gldm_DependenceEntropy,0.8835999999999999,1
165,wavelet-LHH_gldm_DependenceVariance,0.8833757421543682,1
166,log-sigma-3-0-mm-3D_glszm_SmallAreaHighGrayLevelEmphasis,0.8833607456140351,0
167,wavelet-LLH_glszm_LargeAreaHighGrayLevelEmphasis,0.8832309043020193,0
168,wavelet-HLH_glszm_ZoneVariance,0.8831329016342891,0
169,wavelet-HLL_glszm_SizeZoneNonUniformity,0.8829382499268364,0
170,log-sigma-5-0-mm-3D_glrlm_RunPercentage,0.8829331046312179,1
171,log-sigma-4-0-mm-3D_glcm_Idmn,0.8827919227392449,0
172,wavelet-HHH_ngtdm_Strength,0.8827554744525546,1
173,wavelet-HHH_glrlm_ShortRunLowGrayLevelEmphasis,0.8826472269868497,1
174,log-sigma-5-0-mm-3D_glszm_ZonePercentage,0.8823703703703704,1
175,original_glszm_SizeZoneNonUniformity,0.8822222222222221,0
176,wavelet-LLL_ngtdm_Strength,0.8822028811524609,1
177,log-sigma-5-0-mm-3D_glrlm_RunVariance,0.8819621147865422,0
178,wavelet-LLL_glrlm_RunLengthNonUniformity,0.881920550516109,0
179,log-sigma-3-0-mm-3D_firstorder_InterquartileRange,0.881863127764767,1
180,log-sigma-4-0-mm-3D_glcm_Idn,0.881789594053745,0
181,log-sigma-5-0-mm-3D_glrlm_LongRunHighGrayLevelEmphasis,0.8817895940537449,0
182,wavelet-HLH_glszm_SizeZoneNonUniformity,0.881745297563984,0
183,wavelet-HHH_gldm_SmallDependenceEmphasis,0.8816296296296297,1
184,wavelet-HLH_gldm_DependenceNonUniformityNormalized,0.881544156530936,0
185,log-sigma-4-0-mm-3D_ngtdm_Contrast,0.8814814814814815,1
186,wavelet-HHH_glrlm_RunPercentage,0.8814749780509219,1
187,wavelet-HLH_gldm_DependenceVariance,0.8814666666666666,1
188,log-sigma-4-0-mm-3D_glrlm_GrayLevelNonUniformity,0.8812827628738823,0
189,log-sigma-5-0-mm-3D_glszm_SizeZoneNonUniformity,0.8811823236757389,0
190,wavelet-HLH_glszm_LargeAreaEmphasis,0.8810827250608273,0
191,wavelet-HHH_glrlm_LongRunHighGrayLevelEmphasis,0.8807890222984562,0
192,log-sigma-3-0-mm-3D_glcm_Idmn,0.8807113938692887,0
193,log-sigma-5-0-mm-3D_firstorder_RobustMeanAbsoluteDeviation,0.8806666666666666,1
194,wavelet-HLH_gldm_SmallDependenceEmphasis,0.8806660499537466,1
195,wavelet-HHH_glrlm_LongRunEmphasis,0.8806660499537465,0
196,log-sigma-3-0-mm-3D_glrlm_ShortRunLowGrayLevelEmphasis,0.880360205831904,1
197,wavelet-LHL_glszm_LargeAreaHighGrayLevelEmphasis,0.8801481481481481,0
198,log-sigma-4-0-mm-3D_firstorder_InterquartileRange,0.8800898995240614,1
199,log-sigma-4-0-mm-3D_firstorder_Skewness,0.8800712719298246,1
200,log-sigma-2-0-mm-3D_glszm_SizeZoneNonUniformity,0.8800117061750072,0
201,log-sigma-3-0-mm-3D_glrlm_ShortRunEmphasis,0.8798438403701562,1
202,wavelet-HHH_gldm_DependenceEntropy,0.8797884505431675,1
203,log-sigma-5-0-mm-3D_ngtdm_Contrast,0.8797409805735431,1
204,wavelet-LLH_gldm_DependenceVariance,0.8794288736118456,1
205,wavelet-LLH_glcm_DifferenceEntropy,0.8793589743589744,0
206,log-sigma-5-0-mm-3D_glszm_ZoneEntropy,0.8792784458834413,0
207,wavelet-HLH_gldm_DependenceEntropy,0.8792000000000001,1
208,log-sigma-1-0-mm-3D_gldm_DependenceNonUniformityNormalized,0.8791644632469593,0
209,log-sigma-3-0-mm-3D_glszm_LowGrayLevelZoneEmphasis,0.879020979020979,1
210,log-sigma-4-0-mm-3D_firstorder_RobustMeanAbsoluteDeviation,0.8789666928927354,1
211,log-sigma-3-0-mm-3D_glrlm_RunLengthNonUniformity,0.8787515006002401,0
212,log-sigma-5-0-mm-3D_gldm_LargeDependenceEmphasis,0.8783590623213264,0
213,log-sigma-5-0-mm-3D_glrlm_RunLengthNonUniformity,0.8783533765032377,0
214,log-sigma-2-0-mm-3D_glrlm_ShortRunEmphasis,0.878286683630195,1
215,log-sigma-2-0-mm-3D_firstorder_RobustMeanAbsoluteDeviation,0.8780900338277388,1
216,wavelet-LHH_glszm_SizeZoneNonUniformity,0.8780731846769583,0
217,wavelet-LLH_ngtdm_Strength,0.8778625954198472,1
218,log-sigma-4-0-mm-3D_glrlm_ShortRunEmphasis,0.8778195488721805,1
219,log-sigma-3-0-mm-3D_firstorder_RobustMeanAbsoluteDeviation,0.8776553894571204,1
220,wavelet-HHL_glszm_LargeAreaHighGrayLevelEmphasis,0.877330043859649,0
221,wavelet-LHH_glszm_SmallAreaHighGrayLevelEmphasis,0.8770726129216696,0
222,log-sigma-1-0-mm-3D_gldm_DependenceVariance,0.8768,1
223,log-sigma-3-0-mm-3D_glszm_SizeZoneNonUniformity,0.8767867352773013,0
224,wavelet-HLH_glcm_MaximumProbability,0.8766727493917275,0
225,log-sigma-5-0-mm-3D_glrlm_RunLengthNonUniformityNormalized,0.8766628108733372,1
226,log-sigma-5-0-mm-3D_glrlm_LongRunEmphasis,0.8763076053152389,0
227,original_glszm_LargeAreaHighGrayLevelEmphasis,0.8762962962962962,0
228,wavelet-HHH_gldm_LargeDependenceEmphasis,0.8760844418739157,0
229,wavelet-LLL_glcm_Idmn,0.8760720411663807,0
230,wavelet-HLH_glcm_JointEnergy,0.876031746031746,0
231,wavelet-HHH_glrlm_RunEntropy,0.8759145449224467,0
232,wavelet-LLH_gldm_SmallDependenceEmphasis,0.8758518518518518,1
233,log-sigma-4-0-mm-3D_glrlm_LongRunHighGrayLevelEmphasis,0.8758305647840532,0
234,log-sigma-3-0-mm-3D_glcm_Idn,0.8756506651243493,0
235,log-sigma-4-0-mm-3D_glrlm_RunLengthNonUniformity,0.8755781683626273,0
236,log-sigma-5-0-mm-3D_glszm_LargeAreaLowGrayLevelEmphasis,0.8755555555555555,0
237,wavelet-LLL_ngtdm_Busyness,0.8755537098560354,0
238,log-sigma-5-0-mm-3D_gldm_SmallDependenceLowGrayLevelEmphasis,0.8754152823920265,1
239,log-sigma-4-0-mm-3D_firstorder_Kurtosis,0.8752447552447552,0
240,wavelet-HLH_glcm_DifferenceVariance,0.8752380952380953,1
241,log-sigma-3-0-mm-3D_gldm_DependenceVariance,0.8751767034209782,1
242,log-sigma-5-0-mm-3D_gldm_DependenceNonUniformityNormalized,0.8751384274640088,0
243,wavelet-HLH_ngtdm_Strength,0.8751156336725254,1
244,wavelet-HLL_ngtdm_Strength,0.8751111111111112,1
245,log-sigma-4-0-mm-3D_gldm_SmallDependenceEmphasis,0.8750722961249278,1
246,log-sigma-2-0-mm-3D_gldm_SmallDependenceEmphasis,0.8750714694110922,1
247,wavelet-HHH_ngtdm_Busyness,0.8750390991554583,0
248,log-sigma-4-0-mm-3D_gldm_DependenceVariance,0.8750353406841956,1
249,wavelet-HHH_firstorder_Range,0.874965034965035,0
250,wavelet-HLH_glszm_SizeZoneNonUniformityNormalized,0.8748479318734793,0
251,log-sigma-5-0-mm-3D_ngtdm_Busyness,0.8748479318734793,0
252,log-sigma-1-0-mm-3D_glszm_SizeZoneNonUniformity,0.8748148148148148,0
253,log-sigma-1-0-mm-3D_glszm_ZonePercentage,0.874669487043892,1
254,original_ngtdm_Strength,0.8746426529445397,1
255,log-sigma-5-0-mm-3D_glrlm_ShortRunEmphasis,0.8746385193753614,1
256,log-sigma-2-0-mm-3D_glcm_Idmn,0.8743493348756506,0
257,wavelet-LLL_glszm_GrayLevelNonUniformity,0.8742138364779873,0
258,log-sigma-2-0-mm-3D_firstorder_10Percentile,0.8741406663141195,0
259,log-sigma-2-0-mm-3D_glcm_Imc1,0.87409200968523,0
260,wavelet-LLH_glszm_SizeZoneNonUniformity,0.8740122914837576,0
261,log-sigma-1-0-mm-3D_glszm_LargeAreaLowGrayLevelEmphasis,0.8738659642961663,0
262,log-sigma-2-0-mm-3D_glcm_Idn,0.873770965876229,0
263,original_ngtdm_Busyness,0.8737630760531524,0
264,log-sigma-3-0-mm-3D_gldm_SmallDependenceLowGrayLevelEmphasis,0.873642081189251,1
265,log-sigma-2-0-mm-3D_glcm_Imc2,0.8734772978959027,1
266,log-sigma-4-0-mm-3D_gldm_LargeDependenceEmphasis,0.8734265734265735,0
267,log-sigma-2-0-mm-3D_firstorder_Kurtosis,0.8732004429678848,0
268,log-sigma-5-0-mm-3D_gldm_DependenceVariance,0.8731976251060221,1
269,wavelet-LLH_gldm_DependenceNonUniformityNormalized,0.8731969577760295,0
270,log-sigma-2-0-mm-3D_ngtdm_Complexity,0.8730562623692395,0
271,original_ngtdm_Contrast,0.873015873015873,1
272,wavelet-HLL_glcm_Correlation,0.8728070175438597,1
273,wavelet-LLL_glszm_GrayLevelNonUniformityNormalized,0.8728,0
274,log-sigma-3-0-mm-3D_glszm_ZonePercentage,0.8727844482561464,1
275,wavelet-HHH_glrlm_GrayLevelNonUniformityNormalized,0.8727588201272413,1
276,wavelet-HHH_glrlm_GrayLevelVariance,0.8727588201272413,0
277,log-sigma-4-0-mm-3D_glszm_LargeAreaLowGrayLevelEmphasis,0.8727407407407407,0
278,wavelet-HHH_glszm_LargeAreaLowGrayLevelEmphasis,0.8726931498279638,0
279,log-sigma-3-0-mm-3D_glrlm_LongRunHighGrayLevelEmphasis,0.8726467331118495,0
280,wavelet-HLH_glcm_DifferenceEntropy,0.8725016118633141,1
281,log-sigma-2-0-mm-3D_gldm_LargeDependenceHighGrayLevelEmphasis,0.8723494486853265,0
282,wavelet-LHH_gldm_SmallDependenceEmphasis,0.8722989195678271,1
283,log-sigma-3-0-mm-3D_firstorder_Range,0.872208085948544,0
284,log-sigma-4-0-mm-3D_glrlm_LongRunEmphasis,0.8721678321678322,0
285,wavelet-LLH_glcm_MaximumProbability,0.8721333333333333,1
286,log-sigma-3-0-mm-3D_firstorder_Skewness,0.8719793646483844,1
287,log-sigma-2-0-mm-3D_ngtdm_Busyness,0.8719637108574774,0
288,log-sigma-4-0-mm-3D_glszm_ZonePercentage,0.8717838765008578,1
289,log-sigma-3-0-mm-3D_glszm_LargeAreaLowGrayLevelEmphasis,0.8715555555555556,0
290,log-sigma-5-0-mm-3D_glszm_SmallAreaHighGrayLevelEmphasis,0.8715393133997786,0
291,log-sigma-4-0-mm-3D_glszm_HighGrayLevelZoneEmphasis,0.8713005701873473,0
292,wavelet-HLH_glcm_JointEntropy,0.871198296836983,1
293,wavelet-LLH_glcm_JointEnergy,0.8711260330578513,1
294,log-sigma-3-0-mm-3D_firstorder_Kurtosis,0.8710290524029325,0
295,wavelet-HLH_ngtdm_Busyness,0.8709629629629629,0
296,wavelet-LLL_ngtdm_Contrast,0.8707510964912281,1
297,wavelet-HLH_glszm_SmallAreaEmphasis,0.870742092457421,0
298,log-sigma-5-0-mm-3D_glszm_SmallAreaLowGrayLevelEmphasis,0.8707033315705975,1
299,log-sigma-2-0-mm-3D_firstorder_Range,0.8706467661691543,0
300,wavelet-LLH_glszm_ZonePercentage,0.870511733107153,1
301,wavelet-HHH_gldm_SmallDependenceLowGrayLevelEmphasis,0.8705117331071529,1
302,wavelet-HHH_glszm_SmallAreaHighGrayLevelEmphasis,0.8703703703703703,0
303,wavelet-HHH_gldm_DependenceNonUniformityNormalized,0.8703496503496503,0
304,wavelet-LLL_glszm_ZonePercentage,0.8700876448968052,1
305,wavelet-LHH_firstorder_Range,0.8699817518248175,0
306,log-sigma-4-0-mm-3D_glrlm_ShortRunLowGrayLevelEmphasis,0.8699300699300699,1
307,log-sigma-5-0-mm-3D_glrlm_ShortRunLowGrayLevelEmphasis,0.8699256718124643,1
308,wavelet-LLH_glcm_DifferenceVariance,0.8698456868201367,0
309,log-sigma-4-0-mm-3D_glrlm_RunVariance,0.86980491942324,0
310,wavelet-HLL_ngtdm_Busyness,0.8697478991596638,0
311,log-sigma-4-0-mm-3D_gldm_SmallDependenceLowGrayLevelEmphasis,0.8696635566864575,1
312,log-sigma-3-0-mm-3D_glrlm_LowGrayLevelRunEmphasis,0.8696397941680961,1
313,wavelet-LHH_glszm_GrayLevelNonUniformity,0.869622475856014,0
314,wavelet-LHL_ngtdm_Contrast,0.8696,1
315,wavelet-HLH_glcm_Imc1,0.8695238095238096,1
316,log-sigma-3-0-mm-3D_glrlm_HighGrayLevelRunEmphasis,0.8695104895104895,0
317,wavelet-HLL_glszm_LargeAreaLowGrayLevelEmphasis,0.8692886061307115,0
318,wavelet-LLL_glszm_SizeZoneNonUniformity,0.8691834942932396,0
319,wavelet-HHL_glrlm_RunEntropy,0.8690981057393271,0
320,log-sigma-3-0-mm-3D_glszm_HighGrayLevelZoneEmphasis,0.8690981057393271,0
321,wavelet-LHL_glcm_Idmn,0.8690666666666667,0
322,log-sigma-1-0-mm-3D_gldm_DependenceEntropy,0.8690666666666667,1
323,wavelet-LLH_glcm_Imc1,0.8689846641988366,0
324,log-sigma-4-0-mm-3D_glszm_SmallAreaLowGrayLevelEmphasis,0.8689510489510489,1
325,log-sigma-3-0-mm-3D_firstorder_Minimum,0.8688111888111888,1
326,log-sigma-5-0-mm-3D_firstorder_Range,0.8688111888111888,0
327,log-sigma-2-0-mm-3D_firstorder_InterquartileRange,0.8687179487179488,1
328,log-sigma-5-0-mm-3D_firstorder_Skewness,0.8686951754385965,1
329,log-sigma-4-0-mm-3D_firstorder_Range,0.8686713286713287,0
330,log-sigma-3-0-mm-3D_gldm_SmallDependenceEmphasis,0.8686392224128073,1
331,log-sigma-3-0-mm-3D_ngtdm_Complexity,0.8685656448814344,0
332,wavelet-HHH_glcm_Imc2,0.8685581140350878,0
333,wavelet-LLH_glrlm_GrayLevelNonUniformityNormalized,0.8684422921711058,0
334,log-sigma-5-0-mm-3D_glszm_LowGrayLevelZoneEmphasis,0.8683912920554141,1
335,wavelet-LLH_ngtdm_Busyness,0.8681592039800995,0
336,log-sigma-3-0-mm-3D_glrlm_RunPercentage,0.8680423567743687,1
337,wavelet-LHL_ngtdm_Busyness,0.868012876792508,0
338,log-sigma-5-0-mm-3D_glcm_MCC,0.868,0
339,log-sigma-1-0-mm-3D_glcm_Imc1,0.8679042238364273,0
340,wavelet-LHH_glszm_LargeAreaLowGrayLevelEmphasis,0.8678518518518518,0
341,wavelet-LLL_firstorder_Range,0.8678017718715393,0
342,log-sigma-5-0-mm-3D_glcm_ClusterShade,0.8677697067527576,1
343,wavelet-HHL_glszm_LargeAreaEmphasis,0.8677357456140351,0
344,wavelet-HHL_glszm_ZoneVariance,0.8677357456140351,0
345,log-sigma-2-0-mm-3D_glszm_ZonePercentage,0.8675534991324465,1
346,wavelet-LHL_glcm_Idn,0.8673333333333333,0
347,log-sigma-2-0-mm-3D_glrlm_GrayLevelNonUniformityNormalized,0.8672480620155039,0
348,wavelet-LLH_glszm_SmallAreaEmphasis,0.8671190274243709,0
349,wavelet-LLH_firstorder_Entropy,0.8670971213344095,1
350,wavelet-HHH_glszm_ZonePercentage,0.8669064748201439,1
351,wavelet-LLH_glszm_SizeZoneNonUniformityNormalized,0.8668531468531468,0
352,log-sigma-5-0-mm-3D_gldm_SmallDependenceEmphasis,0.8668363019508057,1
353,wavelet-HHH_glrlm_RunVariance,0.8668148148148148,0
354,log-sigma-1-0-mm-3D_glszm_GrayLevelNonUniformity,0.8667900092506938,0
355,wavelet-LLH_glszm_GrayLevelNonUniformity,0.8667883211678832,0
356,log-sigma-2-0-mm-3D_glszm_SmallAreaHighGrayLevelEmphasis,0.8666943521594684,0
357,log-sigma-2-0-mm-3D_glrlm_RunPercentage,0.8666392543859649,1
358,wavelet-LHH_glcm_Contrast,0.8666064049586777,0
359,log-sigma-2-0-mm-3D_firstorder_MeanAbsoluteDeviation,0.8666049709148598,1
360,log-sigma-3-0-mm-3D_firstorder_90Percentile,0.8663901458019105,1
361,wavelet-HHL_ngtdm_Busyness,0.8663492063492063,0
362,log-sigma-5-0-mm-3D_glszm_HighGrayLevelZoneEmphasis,0.8662470495672698,0
363,wavelet-HLH_glcm_ClusterTendency,0.8662280701754386,1
364,wavelet-HHH_gldm_LargeDependenceHighGrayLevelEmphasis,0.8661075766338924,0
365,wavelet-HLH_glszm_LargeAreaLowGrayLevelEmphasis,0.866074074074074,0
366,log-sigma-4-0-mm-3D_glrlm_RunPercentage,0.8659881255301103,1
367,wavelet-HHH_glcm_MCC,0.8656798245614035,0
368,log-sigma-5-0-mm-3D_firstorder_Kurtosis,0.8656375071469411,0
369,log-sigma-3-0-mm-3D_gldm_LowGrayLevelEmphasis,0.8655944055944056,1
370,log-sigma-4-0-mm-3D_glszm_LowGrayLevelZoneEmphasis,0.8655869324473975,1
371,wavelet-HHH_glszm_SmallAreaLowGrayLevelEmphasis,0.8654094132817537,0
372,wavelet-LLL_glrlm_GrayLevelNonUniformityNormalized,0.8652173913043478,0
373,wavelet-HLH_glcm_Correlation,0.8651315789473684,1
374,wavelet-LLH_glcm_SumEntropy,0.8650666666666668,1
375,log-sigma-4-0-mm-3D_glszm_ZoneEntropy,0.8650297153581482,0
376,wavelet-LHH_ngtdm_Complexity,0.8649199022535976,0
377,wavelet-LHH_ngtdm_Busyness,0.8648951048951049,0
378,log-sigma-3-0-mm-3D_glcm_MCC,0.8648103309120257,0
379,wavelet-HLH_glrlm_GrayLevelNonUniformityNormalized,0.8648062463851938,0
380,original_glcm_Idmn,0.8644755244755244,0
381,log-sigma-3-0-mm-3D_gldm_LargeDependenceHighGrayLevelEmphasis,0.8641958041958042,0
382,wavelet-LHH_glcm_Id,0.8641686182669789,1
383,wavelet-LHH_glcm_Idm,0.8641686182669789,1
384,wavelet-LLL_glcm_Idn,0.8641333333333334,0
385,wavelet-HHH_glrlm_ShortRunHighGrayLevelEmphasis,0.8640510948905109,1
386,log-sigma-3-0-mm-3D_glszm_ZoneEntropy,0.8640148011100832,0
387,log-sigma-3-0-mm-3D_glcm_Autocorrelation,0.8640090472151541,0
388,log-sigma-3-0-mm-3D_glcm_JointAverage,0.8640090472151541,0
389,log-sigma-3-0-mm-3D_glcm_SumAverage,0.8640090472151541,0
390,log-sigma-3-0-mm-3D_gldm_HighGrayLevelEmphasis,0.8640090472151541,0
391,wavelet-HHL_glszm_SmallAreaEmphasis,0.8639386928860614,1
392,wavelet-HLL_glszm_LargeAreaHighGrayLevelEmphasis,0.8637941006362059,0
393,log-sigma-1-0-mm-3D_glrlm_RunEntropy,0.8637782982045277,1
394,wavelet-LLH_glrlm_RunVariance,0.8637654958677686,1
395,log-sigma-3-0-mm-3D_gldm_LargeDependenceEmphasis,0.8637333333333332,0
396,wavelet-LHH_glszm_GrayLevelNonUniformityNormalized,0.8636495083863506,1
397,log-sigma-3-0-mm-3D_gldm_SmallDependenceHighGrayLevelEmphasis,0.8636489479512736,0
398,wavelet-LHH_glszm_ZonePercentage,0.8634435962680238,1
399,wavelet-HHH_glrlm_LongRunLowGrayLevelEmphasis,0.8634428223844283,0
400,wavelet-LLH_glrlm_RunEntropy,0.8633735545500252,1
401,wavelet-HLH_firstorder_Entropy,0.8633603238866397,1
402,wavelet-HLH_gldm_GrayLevelVariance,0.8632075471698114,1
403,wavelet-LLL_firstorder_MeanAbsoluteDeviation,0.8632005899705015,1
404,wavelet-LHL_glcm_InverseVariance,0.8631198347107438,0
405,wavelet-LLH_glcm_InverseVariance,0.8629907024793388,0
406,wavelet-HLH_glcm_InverseVariance,0.8629568106312292,0
407,original_ngtdm_Complexity,0.8628781453208935,0
408,wavelet-LHH_gldm_LargeDependenceLowGrayLevelEmphasis,0.8628781453208935,1
409,wavelet-HHL_glcm_MCC,0.8628675513921416,0
410,log-sigma-1-0-mm-3D_glcm_InverseVariance,0.8628183831672203,0
411,log-sigma-2-0-mm-3D_glrlm_ShortRunLowGrayLevelEmphasis,0.8628015350877194,1
412,wavelet-LHH_firstorder_Minimum,0.862781954887218,1
413,wavelet-LLH_glrlm_LongRunEmphasis,0.862732438016529,1
414,wavelet-LHH_glcm_DifferenceAverage,0.862732438016529,0
415,wavelet-LHL_glrlm_LongRunHighGrayLevelEmphasis,0.8626644736842105,0
416,original_glrlm_RunEntropy,0.8624904507257448,1
417,wavelet-LLH_glcm_Correlation,0.8624442696039865,1
418,wavelet-LHH_glcm_InverseVariance,0.8623744050766791,0
419,log-sigma-3-0-mm-3D_glcm_Imc1,0.8622666666666666,0
420,wavelet-LLL_glrlm_RunLengthNonUniformityNormalized,0.8621300278269668,1
421,wavelet-LLL_glrlm_ShortRunEmphasis,0.8621300278269668,1
422,log-sigma-2-0-mm-3D_gldm_SmallDependenceLowGrayLevelEmphasis,0.862097902097902,1
423,original_glrlm_GrayLevelNonUniformityNormalized,0.8620689655172413,0
424,wavelet-LLH_glszm_SmallAreaHighGrayLevelEmphasis,0.8620640365923385,0
425,wavelet-HHH_glszm_SizeZoneNonUniformity,0.861842105263158,0
426,log-sigma-3-0-mm-3D_gldm_LargeDependenceLowGrayLevelEmphasis,0.8617974477328264,1
427,wavelet-LLH_firstorder_Variance,0.8617886178861788,1
428,wavelet-LLH_glcm_Id,0.8617265087853323,1
429,wavelet-LLL_glcm_SumSquares,0.8617123617123617,1
430,wavelet-LLL_firstorder_Variance,0.8615757575757576,1
431,wavelet-LLL_gldm_GrayLevelVariance,0.8615757575757576,1
432,log-sigma-4-0-mm-3D_glrlm_LowGrayLevelRunEmphasis,0.8615725359911406,1
433,wavelet-LLL_ngtdm_Complexity,0.8615384615384615,0
434,wavelet-LLL_glszm_LargeAreaLowGrayLevelEmphasis,0.8615263571990559,0
435,wavelet-HLH_glszm_ZonePercentage,0.8614945978391356,1
436,original_glszm_LargeAreaLowGrayLevelEmphasis,0.8614666666666667,0
437,wavelet-LLL_glszm_SmallAreaLowGrayLevelEmphasis,0.8614659367396593,1
438,wavelet-LLH_glrlm_GrayLevelVariance,0.8614363778298204,1
439,wavelet-LHH_glrlm_LowGrayLevelRunEmphasis,0.8614325930559901,1
440,log-sigma-1-0-mm-3D_glcm_Imc2,0.8613167636171338,1
441,log-sigma-2-0-mm-3D_firstorder_Variance,0.8613128867366154,1
442,wavelet-HHL_glcm_ClusterShade,0.8613062711423367,0
443,log-sigma-1-0-mm-3D_gldm_SmallDependenceEmphasis,0.8612938596491229,1
444,log-sigma-4-0-mm-3D_glszm_SmallAreaHighGrayLevelEmphasis,0.8612938596491228,0
445,log-sigma-2-0-mm-3D_gldm_LargeDependenceEmphasis,0.8612587412587412,0
446,wavelet-LLH_glrlm_LongRunLowGrayLevelEmphasis,0.8612544121639968,1
447,wavelet-LHL_gldm_SmallDependenceLowGrayLevelEmphasis,0.861157253599114,1
448,wavelet-HHL_ngtdm_Contrast,0.8609245867768596,1
449,wavelet-LLH_glszm_LargeAreaLowGrayLevelEmphasis,0.8608888888888888,0
450,wavelet-LLL_gldm_SmallDependenceEmphasis,0.8607879428873612,1
451,log-sigma-2-0-mm-3D_firstorder_Uniformity,0.8606403013182674,0
452,log-sigma-4-0-mm-3D_ngtdm_Complexity,0.8605594405594406,0
453,log-sigma-1-0-mm-3D_glszm_SizeZoneNonUniformityNormalized,0.8605371900826447,0
454,log-sigma-1-0-mm-3D_glrlm_GrayLevelNonUniformityNormalized,0.8605235325224749,0
455,log-sigma-4-0-mm-3D_firstorder_90Percentile,0.8605128205128205,1
456,wavelet-LHH_firstorder_Uniformity,0.8604441776710684,1
457,wavelet-HHH_glcm_MaximumProbability,0.8604398588107521,0
458,wavelet-LHL_gldm_LargeDependenceHighGrayLevelEmphasis,0.8602797202797203,0
459,wavelet-LLH_glcm_Imc2,0.8602591221575886,1
460,log-sigma-5-0-mm-3D_firstorder_90Percentile,0.8602150537634409,1
461,log-sigma-3-0-mm-3D_firstorder_MeanAbsoluteDeviation,0.8601973684210527,1
462,wavelet-HLH_glszm_SmallAreaHighGrayLevelEmphasis,0.8601922533220243,0
463,log-sigma-2-0-mm-3D_gldm_DependenceEntropy,0.8601683410263372,1
464,wavelet-LHH_glrlm_LongRunLowGrayLevelEmphasis,0.8601398601398602,1
465,log-sigma-2-0-mm-3D_glszm_SmallAreaLowGrayLevelEmphasis,0.8600000000000001,1
466,wavelet-LLH_glcm_ClusterTendency,0.8599527930763179,1
467,wavelet-HLH_firstorder_Mean,0.8599114064230343,1
468,log-sigma-2-0-mm-3D_ngtdm_Strength,0.8598185542873866,1
469,log-sigma-2-0-mm-3D_firstorder_Minimum,0.8597729789590255,1
470,log-sigma-2-0-mm-3D_glcm_ClusterTendency,0.85969868173258,1
471,wavelet-HHH_glrlm_HighGrayLevelRunEmphasis,0.8596345514950167,1
472,wavelet-HHH_glrlm_LowGrayLevelRunEmphasis,0.8596345514950167,0
473,wavelet-HLH_gldm_SmallDependenceLowGrayLevelEmphasis,0.8596009253903991,1
474,wavelet-HLH_firstorder_RootMeanSquared,0.8595999999999999,1
475,wavelet-LLL_firstorder_Entropy,0.8595132743362832,1
476,log-sigma-5-0-mm-3D_firstorder_MeanAbsoluteDeviation,0.8595120614035088,1
477,log-sigma-5-0-mm-3D_glcm_Contrast,0.8594895465653001,1
478,log-sigma-5-0-mm-3D_gldm_LargeDependenceHighGrayLevelEmphasis,0.8593537876730927,0
479,log-sigma-2-0-mm-3D_glszm_SizeZoneNonUniformityNormalized,0.8593073593073594,0
480,log-sigma-3-0-mm-3D_ngtdm_Busyness,0.8592436974789917,0
481,original_glcm_SumEntropy,0.8592221135029354,1
482,wavelet-LHH_glcm_Imc1,0.85921926910299,0
483,log-sigma-3-0-mm-3D_firstorder_Uniformity,0.8591660110149489,0
484,log-sigma-3-0-mm-3D_glszm_SmallAreaLowGrayLevelEmphasis,0.8591008771929824,1
485,log-sigma-3-0-mm-3D_firstorder_10Percentile,0.8590822698886776,0
486,wavelet-LLH_glrlm_ShortRunHighGrayLevelEmphasis,0.8590808416389811,0
487,wavelet-HHH_gldm_SmallDependenceHighGrayLevelEmphasis,0.858962962962963,1
488,log-sigma-4-0-mm-3D_firstorder_MeanAbsoluteDeviation,0.8588811188811188,1
489,wavelet-LHH_ngtdm_Strength,0.8588148148148149,1
490,wavelet-LHH_glszm_HighGrayLevelZoneEmphasis,0.8587412587412587,0
491,wavelet-HHH_gldm_LargeDependenceLowGrayLevelEmphasis,0.8587301587301588,0
492,log-sigma-4-0-mm-3D_glcm_ClusterShade,0.8586896929824561,1
493,log-sigma-4-0-mm-3D_gldm_DependenceNonUniformityNormalized,0.8585392343198479,0
494,wavelet-LLH_glcm_DifferenceAverage,0.858288770053476,0
495,wavelet-HHL_glrlm_GrayLevelNonUniformityNormalized,0.8582131750070682,1
496,log-sigma-4-0-mm-3D_glrlm_RunEntropy,0.8581482639974977,0
497,log-sigma-2-0-mm-3D_glcm_Correlation,0.8581319576432256,1
498,wavelet-LHH_gldm_GrayLevelVariance,0.8580432172869148,0
499,wavelet-HHL_glszm_ZoneEntropy,0.8579961987510183,0
500,wavelet-LHH_glrlm_HighGrayLevelRunEmphasis,0.8578931572629052,0
501,log-sigma-2-0-mm-3D_glrlm_LongRunHighGrayLevelEmphasis,0.8578673245614035,0
502,wavelet-LHH_gldm_SmallDependenceLowGrayLevelEmphasis,0.8578476719087264,1
503,log-sigma-5-0-mm-3D_glrlm_LowGrayLevelRunEmphasis,0.8578349944629015,1
504,log-sigma-1-0-mm-3D_glcm_Correlation,0.8578154425612052,1
505,wavelet-HLH_firstorder_Uniformity,0.8577890867967204,0
506,wavelet-HHL_firstorder_InterquartileRange,0.8577890867967204,0
507,wavelet-HHL_firstorder_RobustMeanAbsoluteDeviation,0.8577890867967204,0
508,wavelet-LHH_glcm_SumSquares,0.8577777777777778,0
509,log-sigma-5-0-mm-3D_firstorder_Maximum,0.8577699736611062,0
510,log-sigma-2-0-mm-3D_firstorder_Entropy,0.8577472236911687,1
511,log-sigma-4-0-mm-3D_firstorder_10Percentile,0.8577302631578947,0
512,original_firstorder_Variance,0.8575155279503105,1
513,wavelet-LLH_gldm_SmallDependenceLowGrayLevelEmphasis,0.8575063613231552,1
514,original_glszm_ZonePercentage,0.8574773192859233,1
515,log-sigma-2-0-mm-3D_glrlm_LongRunEmphasis,0.8574561403508771,0
516,log-sigma-5-0-mm-3D_firstorder_10Percentile,0.8574531631821884,0
517,log-sigma-5-0-mm-3D_glcm_DifferenceVariance,0.8574531631821884,1
518,log-sigma-2-0-mm-3D_firstorder_90Percentile,0.8574358974358974,1
519,log-sigma-2-0-mm-3D_glrlm_LongRunLowGrayLevelEmphasis,0.8573426573426572,1
520,log-sigma-4-0-mm-3D_firstorder_Maximum,0.8573309920983319,0
521,original_glrlm_GrayLevelVariance,0.8573076923076923,1
522,wavelet-LHL_firstorder_Range,0.8572874493927125,0
523,log-sigma-5-0-mm-3D_ngtdm_Strength,0.8572041166380789,1
524,log-sigma-2-0-mm-3D_glszm_LargeAreaLowGrayLevelEmphasis,0.857185185185185,0
525,wavelet-LLL_glrlm_RunEntropy,0.8571428571428572,1
526,original_glcm_SumSquares,0.8571428571428571,1
527,log-sigma-3-0-mm-3D_glcm_Imc2,0.8570458865055661,1
528,wavelet-LLH_glcm_Idm,0.8570155334861218,1
529,original_glszm_ZoneEntropy,0.8568826437678896,1
530,log-sigma-4-0-mm-3D_glrlm_HighGrayLevelRunEmphasis,0.856873822975518,0
531,log-sigma-1-0-mm-3D_ngtdm_Complexity,0.8567753001715266,0
532,log-sigma-1-0-mm-3D_firstorder_MeanAbsoluteDeviation,0.8566632231404959,1
533,log-sigma-5-0-mm-3D_gldm_LowGrayLevelEmphasis,0.8566337719298245,1
534,wavelet-HLL_glcm_InverseVariance,0.8566224303929222,0
535,wavelet-HLH_glszm_GrayLevelNonUniformity,0.8564894225271584,0
536,wavelet-LHH_firstorder_Entropy,0.856447688564477,0
537,wavelet-LHH_glrlm_GrayLevelNonUniformityNormalized,0.8563925570228093,1
538,log-sigma-5-0-mm-3D_glcm_Autocorrelation,0.8563670920445289,0
539,log-sigma-5-0-mm-3D_glcm_JointAverage,0.8563670920445289,0
540,log-sigma-5-0-mm-3D_glcm_SumAverage,0.8563670920445289,0
541,log-sigma-5-0-mm-3D_gldm_HighGrayLevelEmphasis,0.8563670920445289,0
542,log-sigma-1-0-mm-3D_gldm_SmallDependenceLowGrayLevelEmphasis,0.8562753036437247,1
543,log-sigma-3-0-mm-3D_glcm_SumEntropy,0.8561500131130344,1
544,wavelet-LLH_firstorder_RobustMeanAbsoluteDeviation,0.8561242678889738,1
545,wavelet-HHL_firstorder_Maximum,0.8560855263157894,0
546,wavelet-LLL_gldm_DependenceEntropy,0.8560717797443462,1
547,original_glcm_ClusterProminence,0.8560667204735002,1
548,original_glszm_GrayLevelNonUniformityNormalized,0.855888429752066,0
549,wavelet-HLH_glcm_Contrast,0.8558666666666667,0
550,log-sigma-5-0-mm-3D_gldm_DependenceEntropy,0.8558240564756991,1
551,wavelet-LLL_glcm_JointEntropy,0.8558191252779836,1
552,wavelet-LLH_gldm_LargeDependenceEmphasis,0.8557692307692308,1
553,log-sigma-1-0-mm-3D_glrlm_ShortRunEmphasis,0.8557585825027685,1
554,original_gldm_GrayLevelVariance,0.8556955769705954,1
555,wavelet-HHL_firstorder_MeanAbsoluteDeviation,0.8556643356643356,0
556,log-sigma-1-0-mm-3D_glrlm_ShortRunLowGrayLevelEmphasis,0.8556643356643356,1
557,wavelet-HLH_glcm_Imc2,0.8555555555555555,0
558,wavelet-LHH_glszm_GrayLevelVariance,0.8555352798053527,0
559,wavelet-HHL_glcm_Idn,0.8554514702055686,0
560,log-sigma-4-0-mm-3D_gldm_LargeDependenceHighGrayLevelEmphasis,0.8554167797990768,0
561,log-sigma-1-0-mm-3D_glcm_JointEntropy,0.8553675304071919,1
562,original_glcm_Imc1,0.8553082191780821,0
563,wavelet-LLL_glszm_SizeZoneNonUniformityNormalized,0.855263157894737,1
564,wavelet-HHH_glcm_JointEntropy,0.8552029731275015,1
565,wavelet-LLL_glcm_Idm,0.8551732861118138,0
566,log-sigma-3-0-mm-3D_glrlm_LongRunEmphasis,0.8549905838041431,0
567,wavelet-LLL_glszm_SmallAreaEmphasis,0.854973973395026,1
568,wavelet-LHH_glrlm_ShortRunLowGrayLevelEmphasis,0.8549629629629629,1
569,log-sigma-3-0-mm-3D_glrlm_GrayLevelNonUniformityNormalized,0.8548519736842105,0
570,wavelet-LLL_glcm_ClusterTendency,0.8547807332854063,1
571,log-sigma-5-0-mm-3D_gldm_LargeDependenceLowGrayLevelEmphasis,0.8547379853380397,1
572,wavelet-HLL_glcm_Imc2,0.8547065044949762,0
573,original_firstorder_MeanAbsoluteDeviation,0.8545743639921722,1
574,wavelet-LLH_glcm_Contrast,0.8545408550467999,0
575,original_glcm_Imc2,0.8545388701110574,1
576,original_glcm_ClusterTendency,0.8544973544973545,1
577,wavelet-LLH_gldm_LargeDependenceLowGrayLevelEmphasis,0.8544664675536248,1
578,wavelet-HHL_glcm_Correlation,0.8544664675536248,1
579,log-sigma-2-0-mm-3D_glrlm_LowGrayLevelRunEmphasis,0.8544407894736843,1
580,wavelet-LLH_gldm_GrayLevelVariance,0.8544106167056986,1
581,wavelet-HHL_firstorder_10Percentile,0.8543963811139383,1
582,log-sigma-1-0-mm-3D_ngtdm_Busyness,0.8543453401943967,0
583,wavelet-HHL_glcm_Idmn,0.8543388429752066,0
584,wavelet-LLL_glrlm_LongRunEmphasis,0.8542878826207942,0
585,wavelet-HHL_glcm_Idm,0.8542550183771558,1
586,wavelet-HHL_firstorder_90Percentile,0.8542024013722127,0
587,log-sigma-4-0-mm-3D_firstorder_Minimum,0.85419494976921,1
588,log-sigma-1-0-mm-3D_glszm_SmallAreaLowGrayLevelEmphasis,0.8541117939713199,1
589,log-sigma-4-0-mm-3D_ngtdm_Busyness,0.8539932161578784,0
590,wavelet-HLH_glrlm_GrayLevelVariance,0.8539618276460382,1
591,log-sigma-2-0-mm-3D_gldm_LowGrayLevelEmphasis,0.8539590254706534,1
592,log-sigma-2-0-mm-3D_glcm_Autocorrelation,0.8538925438596491,0
593,log-sigma-2-0-mm-3D_glcm_JointAverage,0.8538925438596491,0
594,log-sigma-2-0-mm-3D_glcm_SumAverage,0.8538925438596491,0
595,log-sigma-2-0-mm-3D_gldm_HighGrayLevelEmphasis,0.8538925438596491,0
596,wavelet-LLH_firstorder_InterquartileRange,0.8538461538461538,1
597,wavelet-HHH_firstorder_InterquartileRange,0.8538461538461538,0
598,log-sigma-4-0-mm-3D_glcm_Autocorrelation,0.8537333333333332,0
599,log-sigma-4-0-mm-3D_glcm_JointAverage,0.8537333333333332,0
600,log-sigma-4-0-mm-3D_glcm_SumAverage,0.8537333333333332,0
601,log-sigma-4-0-mm-3D_gldm_HighGrayLevelEmphasis,0.8537333333333332,0
602,wavelet-HHL_glcm_Contrast,0.8537062937062938,0
603,wavelet-HHL_glcm_DifferenceAverage,0.8536895674300254,0
604,wavelet-LHH_glszm_ZoneEntropy,0.8536519142003801,0
605,log-sigma-4-0-mm-3D_gldm_LowGrayLevelEmphasis,0.8536454129674468,1
606,log-sigma-1-0-mm-3D_ngtdm_Contrast,0.8536296296296296,1
607,wavelet-HHL_glcm_JointEntropy,0.8535664335664336,0
608,log-sigma-1-0-mm-3D_glrlm_LongRunHighGrayLevelEmphasis,0.8535482046932429,0
609,wavelet-HHH_glcm_DifferenceEntropy,0.853528050896472,1
610,wavelet-LHL_glszm_GrayLevelNonUniformityNormalized,0.8535274062418043,0
611,wavelet-LLL_glrlm_RunVariance,0.8534024791297748,0
612,wavelet-HHH_glcm_DifferenceVariance,0.8533834586466166,1
613,wavelet-HHH_glcm_Imc1,0.8533834586466166,1
614,wavelet-HHH_glcm_JointEnergy,0.8533834586466166,0
615,wavelet-HHL_firstorder_Uniformity,0.8532654792196778,1
616,wavelet-HHL_glcm_Id,0.8532654792196778,1
617,log-sigma-3-0-mm-3D_glcm_JointEntropy,0.8532522474881016,1
618,log-sigma-1-0-mm-3D_glcm_SumEntropy,0.8532522474881015,1
619,wavelet-LLL_glcm_DifferenceAverage,0.853195823784059,1
620,wavelet-HHL_firstorder_Entropy,0.8531468531468532,0
621,wavelet-LLH_firstorder_MeanAbsoluteDeviation,0.8530685001273236,1
622,log-sigma-3-0-mm-3D_glcm_JointEnergy,0.8528717545239968,0
623,log-sigma-3-0-mm-3D_firstorder_Entropy,0.8528383104654291,1
624,wavelet-LHL_glszm_GrayLevelVariance,0.8527892561983471,1
625,wavelet-HHL_glszm_SizeZoneNonUniformityNormalized,0.8527730131503716,1
626,log-sigma-2-0-mm-3D_gldm_LargeDependenceLowGrayLevelEmphasis,0.8527272727272728,1
627,log-sigma-1-0-mm-3D_gldm_LargeDependenceEmphasis,0.8527037933817595,1
628,wavelet-LHH_glcm_ClusterTendency,0.8526094938368739,1
629,log-sigma-2-0-mm-3D_glcm_SumEntropy,0.8525333333333333,1
630,log-sigma-2-0-mm-3D_glrlm_HighGrayLevelRunEmphasis,0.8525219298245614,0
631,original_gldm_DependenceEntropy,0.8524470416362309,1
632,original_glrlm_ShortRunEmphasis,0.8523268112109994,1
633,wavelet-HHH_firstorder_90Percentile,0.8523076923076922,0
634,wavelet-HHH_firstorder_MeanAbsoluteDeviation,0.8523076923076922,0
635,wavelet-HLH_glcm_MCC,0.8522943252783057,0
636,wavelet-LLL_glcm_Id,0.8522641032127498,0
637,wavelet-LHL_glcm_Autocorrelation,0.8522267206477733,0
638,log-sigma-3-0-mm-3D_firstorder_Variance,0.852165725047081,1
639,wavelet-HHL_glcm_SumEntropy,0.8521594684385382,0
640,log-sigma-1-0-mm-3D_glcm_Id,0.8521107456140351,1
641,log-sigma-2-0-mm-3D_glszm_HighGrayLevelZoneEmphasis,0.8520583190394512,0
642,log-sigma-5-0-mm-3D_glrlm_HighGrayLevelRunEmphasis,0.8520228074938909,0
643,log-sigma-1-0-mm-3D_firstorder_Entropy,0.8520228074938908,1
644,wavelet-LLL_firstorder_RobustMeanAbsoluteDeviation,0.8520058708414873,1
645,log-sigma-1-0-mm-3D_glrlm_LowGrayLevelRunEmphasis,0.8519375361480624,1
646,log-sigma-2-0-mm-3D_glcm_SumSquares,0.8519301956636699,1
647,wavelet-LHL_glszm_LargeAreaLowGrayLevelEmphasis,0.851915380217267,0
648,log-sigma-2-0-mm-3D_glrlm_ShortRunHighGrayLevelEmphasis,0.8518881118881119,0
649,wavelet-LLL_glcm_SumEntropy,0.8518835616438356,1
650,wavelet-HHL_firstorder_Median,0.8517979904812268,1
651,original_firstorder_Range,0.8517104891150693,0
652,wavelet-HHL_gldm_GrayLevelVariance,0.8516155308172685,0
653,log-sigma-4-0-mm-3D_glcm_MCC,0.8515691263782866,0
654,log-sigma-1-0-mm-3D_glszm_LowGrayLevelZoneEmphasis,0.8515555555555556,1
655,log-sigma-4-0-mm-3D_ngtdm_Strength,0.8515037593984962,1
656,wavelet-HHL_glrlm_GrayLevelVariance,0.8514797719250611,0
657,wavelet-LLL_glcm_ClusterProminence,0.8514797719250611,1
658,log-sigma-3-0-mm-3D_glrlm_LongRunLowGrayLevelEmphasis,0.8514254385964912,1
659,wavelet-HHH_firstorder_Minimum,0.8512864009047214,1
660,wavelet-LLH_glcm_ClusterProminence,0.8512396694214877,1
661,log-sigma-1-0-mm-3D_ngtdm_Strength,0.8512006861063466,1
662,log-sigma-4-0-mm-3D_firstorder_Uniformity,0.8512000000000001,0
663,wavelet-HHH_firstorder_10Percentile,0.8511904761904762,1
664,original_firstorder_RobustMeanAbsoluteDeviation,0.8511497064579256,1
665,wavelet-LLL_firstorder_InterquartileRange,0.8511242895972325,1
666,log-sigma-4-0-mm-3D_glcm_Contrast,0.8510724952484388,1
667,wavelet-HHL_glszm_LargeAreaLowGrayLevelEmphasis,0.8510036754311563,0
668,log-sigma-4-0-mm-3D_firstorder_Variance,0.8509333333333333,1
669,wavelet-LLL_gldm_LargeDependenceEmphasis,0.8509039979628215,0
670,wavelet-HLL_glszm_ZoneEntropy,0.8508771929824561,1
671,log-sigma-1-0-mm-3D_gldm_LargeDependenceHighGrayLevelEmphasis,0.8508623126943736,0
672,log-sigma-3-0-mm-3D_glrlm_ShortRunHighGrayLevelEmphasis,0.8507718696397942,0
673,log-sigma-1-0-mm-3D_firstorder_10Percentile,0.8507231404958678,0
674,original_gldm_LargeDependenceLowGrayLevelEmphasis,0.8506012950971322,1
675,wavelet-HHH_firstorder_Variance,0.8504895104895105,0
676,log-sigma-1-0-mm-3D_firstorder_Uniformity,0.8504759386567954,0
677,log-sigma-4-0-mm-3D_gldm_DependenceEntropy,0.8504759386567954,1
678,wavelet-LHL_glszm_HighGrayLevelZoneEmphasis,0.8504536142815335,0
679,log-sigma-1-0-mm-3D_glcm_Idmn,0.8504536142815335,0
680,wavelet-HHL_glcm_SumSquares,0.8503937007874015,0
681,wavelet-HLL_firstorder_InterquartileRange,0.8503284329058493,0
682,log-sigma-2-0-mm-3D_glszm_ZoneEntropy,0.8502578981302386,0
683,log-sigma-2-0-mm-3D_glrlm_RunLengthNonUniformityNormalized,0.8500830564784053,1
684,log-sigma-1-0-mm-3D_glrlm_HighGrayLevelRunEmphasis,0.8500571755288737,0
685,wavelet-LHL_firstorder_Maximum,0.8500571755288736,0
686,wavelet-HLH_glcm_Id,0.8499864241107793,1
687,wavelet-HLH_glcm_Idm,0.8499864241107793,1
688,log-sigma-5-0-mm-3D_glcm_InverseVariance,0.8498789346246974,1
689,log-sigma-2-0-mm-3D_glszm_LowGrayLevelZoneEmphasis,0.8498727735368957,1
690,wavelet-LLL_glcm_DifferenceEntropy,0.8498717948717949,1
691,log-sigma-1-0-mm-3D_firstorder_Kurtosis,0.8498568826437678,0
692,original_firstorder_Uniformity,0.8498309995171416,0
693,wavelet-HHH_glszm_SizeZoneNonUniformityNormalized,0.8498181818181818,0
694,wavelet-HHH_firstorder_RobustMeanAbsoluteDeviation,0.8497902097902098,0
695,log-sigma-3-0-mm-3D_glrlm_RunVariance,0.8497902097902097,0
696,wavelet-HHL_glcm_DifferenceVariance,0.8497807017543859,0
697,log-sigma-4-0-mm-3D_gldm_LargeDependenceLowGrayLevelEmphasis,0.8497333333333332,1
698,wavelet-LHH_glcm_Correlation,0.8497246262785209,1
699,wavelet-HHH_glszm_GrayLevelNonUniformity,0.8496010864029877,0
700,wavelet-LLL_glcm_DifferenceVariance,0.8496000000000001,1
701,wavelet-HLL_gldm_LargeDependenceEmphasis,0.8495756511559848,1
702,wavelet-HHL_glcm_DifferenceEntropy,0.8495104895104896,0
703,log-sigma-1-0-mm-3D_firstorder_RobustMeanAbsoluteDeviation,0.8494871794871796,1
704,log-sigma-5-0-mm-3D_glcm_Id,0.8494753833736886,0
705,wavelet-HHL_glcm_ClusterProminence,0.8493408662900188,0
706,wavelet-LHL_glcm_Correlation,0.849286092014807,1
707,wavelet-LHL_glszm_LowGrayLevelZoneEmphasis,0.8492829967808019,1
708,wavelet-HHH_firstorder_Maximum,0.8492307692307692,0
709,wavelet-LLL_glrlm_RunPercentage,0.8491214667685255,1
710,log-sigma-4-0-mm-3D_glszm_GrayLevelVariance,0.849095394736842,0
711,original_glcm_DifferenceVariance,0.8490689745607134,1
712,wavelet-HLL_glrlm_RunEntropy,0.8490689745607134,1
713,log-sigma-2-0-mm-3D_glszm_GrayLevelVariance,0.8490566037735849,0
714,wavelet-HLL_firstorder_Kurtosis,0.8489963503649636,1
715,log-sigma-5-0-mm-3D_gldm_SmallDependenceHighGrayLevelEmphasis,0.8489333333333333,0
716,log-sigma-1-0-mm-3D_firstorder_Variance,0.8488160291438981,1
717,original_glszm_GrayLevelVariance,0.8488027979553404,1
718,wavelet-LHH_glrlm_GrayLevelVariance,0.8487394957983193,0
719,wavelet-HLL_ngtdm_Complexity,0.8486987818383167,0
720,wavelet-LHL_glcm_JointAverage,0.8486976880304361,0
721,wavelet-LHL_glcm_SumAverage,0.8486976880304361,0
722,wavelet-LHL_glrlm_HighGrayLevelRunEmphasis,0.8486976880304361,0
723,log-sigma-2-0-mm-3D_gldm_SmallDependenceHighGrayLevelEmphasis,0.8486713286713287,0
724,original_gldm_SmallDependenceEmphasis,0.8485471491228069,1
725,wavelet-HLH_glcm_DifferenceAverage,0.848533763788001,0
726,log-sigma-1-0-mm-3D_glcm_DifferenceVariance,0.8484930762964974,1
727,wavelet-HHL_glszm_GrayLevelVariance,0.8484848484848486,1
728,original_firstorder_Entropy,0.8484295105916728,1
729,wavelet-LLH_firstorder_Uniformity,0.8483606557377049,0
730,wavelet-LHH_glcm_JointEnergy,0.84835731740429,1
731,wavelet-HHL_firstorder_Variance,0.8482834994462901,0
732,wavelet-LHL_firstorder_Median,0.8482821924993442,0
733,wavelet-HLH_glcm_ClusterProminence,0.8482666666666666,1
734,wavelet-HHL_glcm_JointAverage,0.8482666666666666,0
735,wavelet-HHL_glcm_SumAverage,0.8482666666666666,0
736,wavelet-LLL_firstorder_Uniformity,0.848159130219916,0
737,wavelet-HLL_glrlm_RunLengthNonUniformityNormalized,0.8481481481481481,0
738,wavelet-HHL_glcm_ClusterTendency,0.8481359649122806,0
739,original_glcm_Idn,0.8481333333333334,0
740,log-sigma-2-0-mm-3D_gldm_GrayLevelVariance,0.8480199318122214,1
741,wavelet-HLL_firstorder_RobustMeanAbsoluteDeviation,0.8479802651865556,0
742,wavelet-HLL_glrlm_RunPercentage,0.8479660520924788,0
743,original_glszm_SmallAreaEmphasis,0.8478682170542635,1
744,wavelet-LHH_glrlm_ShortRunHighGrayLevelEmphasis,0.8478321678321679,0
745,wavelet-LLH_glcm_MCC,0.8478321678321677,0
746,log-sigma-4-0-mm-3D_glrlm_LongRunLowGrayLevelEmphasis,0.8478142818354603,1
747,original_glcm_Correlation,0.8477788507967166,1
748,log-sigma-4-0-mm-3D_glcm_JointEnergy,0.8477266612859834,0
749,wavelet-LHH_glrlm_RunPercentage,0.8477037037037036,1
750,wavelet-LLL_glcm_Contrast,0.8476450689565443,1
751,wavelet-LHH_glszm_SmallAreaLowGrayLevelEmphasis,0.8475877192982455,1
752,wavelet-LLH_glcm_SumSquares,0.8474954104379754,1
753,wavelet-HHL_glcm_JointEnergy,0.8474696070115918,1
754,wavelet-HLH_ngtdm_Complexity,0.8474070051588379,0
755,wavelet-LHL_gldm_HighGrayLevelEmphasis,0.847380743342113,0
756,wavelet-LHL_glrlm_ShortRunHighGrayLevelEmphasis,0.847380743342113,0
757,wavelet-HHH_firstorder_Entropy,0.8473565441650549,0
758,wavelet-HLL_glcm_Id,0.847323600973236,1
759,wavelet-HLL_glcm_Idm,0.847323600973236,1
760,wavelet-LHL_firstorder_Skewness,0.8471983990851916,0
761,wavelet-LHL_glszm_SmallAreaHighGrayLevelEmphasis,0.8471659919028339,0
762,log-sigma-4-0-mm-3D_glcm_DifferenceVariance,0.847135487374423,1
763,wavelet-LLL_gldm_SmallDependenceLowGrayLevelEmphasis,0.8470441038473568,1
764,wavelet-HLH_glszm_LowGrayLevelZoneEmphasis,0.8470394736842105,1
765,log-sigma-1-0-mm-3D_glcm_SumSquares,0.8470376522702103,1
766,wavelet-LLL_glrlm_GrayLevelVariance,0.846976401179941,1
767,log-sigma-1-0-mm-3D_firstorder_Median,0.8469333333333333,0
768,log-sigma-3-0-mm-3D_gldm_DependenceEntropy,0.8469333333333333,1
769,log-sigma-5-0-mm-3D_firstorder_Minimum,0.8469195587839655,1
770,wavelet-LLL_glcm_JointEnergy,0.8468534906588004,0
771,original_glrlm_LongRunLowGrayLevelEmphasis,0.8468253968253969,1
772,log-sigma-3-0-mm-3D_glszm_SmallAreaEmphasis,0.8466987098406273,0
773,wavelet-LLL_glszm_LowGrayLevelZoneEmphasis,0.8465926611162504,1
774,log-sigma-5-0-mm-3D_glcm_Idm,0.8465924518055932,0
775,log-sigma-1-0-mm-3D_glrlm_GrayLevelVariance,0.8465734265734266,1
776,log-sigma-5-0-mm-3D_glrlm_ShortRunHighGrayLevelEmphasis,0.8464800678541136,0
777,wavelet-HHH_firstorder_Mean,0.8464741087691907,0
778,wavelet-HHL_glszm_ZonePercentage,0.8464335664335664,0
779,wavelet-LHL_glcm_ClusterTendency,0.846344002081707,1
780,wavelet-HLH_firstorder_Median,0.8463152373459218,1
781,wavelet-LHL_glrlm_GrayLevelVariance,0.8461841070023602,1
782,log-sigma-3-0-mm-3D_glrlm_RunEntropy,0.8460740740740741,0
783,wavelet-HLL_glcm_DifferenceAverage,0.846074074074074,0
784,log-sigma-1-0-mm-3D_firstorder_Range,0.8460548885077187,0
785,original_glszm_SmallAreaLowGrayLevelEmphasis,0.8459493274945261,1
786,log-sigma-4-0-mm-3D_glrlm_ShortRunHighGrayLevelEmphasis,0.845913657344556,0
787,wavelet-LLH_firstorder_10Percentile,0.8458161157024793,0
788,log-sigma-3-0-mm-3D_glcm_ClusterShade,0.8458059210526316,1
789,wavelet-LHL_gldm_LargeDependenceLowGrayLevelEmphasis,0.8458029197080291,1
790,log-sigma-5-0-mm-3D_firstorder_Variance,0.8457778984523486,1
791,wavelet-LLH_gldm_LargeDependenceHighGrayLevelEmphasis,0.8457777777777777,0
792,wavelet-LHH_glrlm_RunLengthNonUniformityNormalized,0.8457690108633505,1
793,log-sigma-1-0-mm-3D_glszm_SmallAreaEmphasis,0.8456934686442883,0
794,log-sigma-4-0-mm-3D_glszm_SmallAreaEmphasis,0.8456410256410257,0
795,log-sigma-5-0-mm-3D_glcm_DifferenceAverage,0.8455063806679338,1
796,original_glrlm_LongRunHighGrayLevelEmphasis,0.8454814814814815,0
797,log-sigma-2-0-mm-3D_glcm_JointEntropy,0.8454666666666667,1
798,log-sigma-2-0-mm-3D_glszm_GrayLevelNonUniformityNormalized,0.8454545454545455,1
799,wavelet-HHL_glrlm_LongRunHighGrayLevelEmphasis,0.8454287190082646,0
800,wavelet-HHH_firstorder_Uniformity,0.8453237410071943,1
801,log-sigma-2-0-mm-3D_glcm_JointEnergy,0.8452661945974298,0
802,wavelet-HLH_firstorder_InterquartileRange,0.8451851851851853,0
803,wavelet-HLH_glcm_SumSquares,0.8451748251748252,1
804,log-sigma-1-0-mm-3D_glcm_Idm,0.8450991039913114,1
805,log-sigma-3-0-mm-3D_glszm_GrayLevelNonUniformityNormalized,0.84505431675243,1
806,wavelet-LLL_glcm_Imc1,0.8450039339103068,0
807,wavelet-LHH_glcm_JointAverage,0.8449879951980793,0
808,wavelet-LHH_glcm_SumAverage,0.8449879951980793,0
809,wavelet-HHH_glszm_ZoneEntropy,0.844941348973607,0
810,wavelet-HHL_gldm_LargeDependenceHighGrayLevelEmphasis,0.8449333333333333,0
811,original_firstorder_InterquartileRange,0.8449030644152595,1
812,log-sigma-5-0-mm-3D_glcm_DifferenceEntropy,0.8449018025289211,1
813,original_gldm_SmallDependenceHighGrayLevelEmphasis,0.8448888888888888,0
814,wavelet-LLL_glszm_GrayLevelVariance,0.8448275862068966,1
815,log-sigma-1-0-mm-3D_glszm_SmallAreaHighGrayLevelEmphasis,0.8446153846153845,0
816,wavelet-HHH_gldm_GrayLevelVariance,0.8446031746031746,0
817,wavelet-LHH_firstorder_RootMeanSquared,0.8445333333333334,1
818,log-sigma-1-0-mm-3D_firstorder_InterquartileRange,0.8444871794871794,1
819,wavelet-HLH_glszm_HighGrayLevelZoneEmphasis,0.8444825614636936,0
820,wavelet-HLL_firstorder_Minimum,0.8444755244755245,1
821,wavelet-LHL_firstorder_Minimum,0.8444187391555812,1
822,wavelet-LHL_glrlm_ShortRunLowGrayLevelEmphasis,0.8443396226415094,1
823,log-sigma-1-0-mm-3D_glcm_Idn,0.8442962962962962,0
824,wavelet-LHL_glszm_ZoneEntropy,0.8442622950819673,1
825,wavelet-LLH_gldm_LowGrayLevelEmphasis,0.8442182640655923,1
826,wavelet-HLL_glszm_GrayLevelNonUniformityNormalized,0.8440876350540216,0
827,log-sigma-3-0-mm-3D_ngtdm_Strength,0.8440876350540216,1
828,wavelet-LHL_gldm_GrayLevelVariance,0.8440860215053764,1
829,wavelet-LLL_glszm_SmallAreaHighGrayLevelEmphasis,0.8439999999999999,0
830,log-sigma-1-0-mm-3D_gldm_LowGrayLevelEmphasis,0.8439108061749572,1
831,wavelet-LLL_glcm_InverseVariance,0.8438104448742747,0
832,original_glcm_Contrast,0.84375,1
833,wavelet-LHL_firstorder_Variance,0.8436926304746918,1
834,wavelet-LHH_glrlm_ShortRunEmphasis,0.8436507936507937,1
835,wavelet-HLH_firstorder_Kurtosis,0.8436033781670316,1
836,wavelet-HLH_firstorder_10Percentile,0.8435555555555556,1
837,wavelet-HLH_firstorder_RobustMeanAbsoluteDeviation,0.8435555555555556,0
838,wavelet-HLL_glcm_Contrast,0.8435114503816795,0
839,wavelet-LHH_gldm_LowGrayLevelEmphasis,0.843509096515572,1
840,log-sigma-4-0-mm-3D_gldm_SmallDependenceHighGrayLevelEmphasis,0.8434699972848221,0
841,wavelet-HHH_glszm_GrayLevelNonUniformityNormalized,0.8433281004709576,0
842,log-sigma-1-0-mm-3D_glcm_Autocorrelation,0.8432287249081142,0
843,log-sigma-1-0-mm-3D_glcm_JointAverage,0.8432287249081142,0
844,log-sigma-1-0-mm-3D_glcm_SumAverage,0.8432287249081142,0
845,wavelet-HLH_firstorder_Maximum,0.8431961120640367,0
846,wavelet-HLL_firstorder_90Percentile,0.8431341883015326,0
847,wavelet-HLL_glcm_JointEnergy,0.8431341883015326,1
848,wavelet-HLL_firstorder_10Percentile,0.8430465618254702,1
849,original_glrlm_RunLengthNonUniformityNormalized,0.8429402432575357,1
850,wavelet-LLL_glcm_Imc2,0.8429090909090909,1
851,wavelet-HLL_firstorder_RootMeanSquared,0.8427010148321623,0
852,wavelet-LHL_gldm_LowGrayLevelEmphasis,0.8426836321573163,1
853,wavelet-LHL_glrlm_LowGrayLevelRunEmphasis,0.8426836321573163,1
854,log-sigma-5-0-mm-3D_gldm_GrayLevelVariance,0.8426666666666667,1
855,original_glcm_MCC,0.8426435877261997,1
856,log-sigma-1-0-mm-3D_glcm_MaximumProbability,0.8426079734219268,1
857,wavelet-LHH_glcm_DifferenceVariance,0.842516447368421,0
858,log-sigma-2-0-mm-3D_firstorder_Skewness,0.8425124573826384,1
859,original_glcm_JointEntropy,0.8424844720496895,1
860,log-sigma-4-0-mm-3D_glcm_DifferenceEntropy,0.8424114225277631,1
861,log-sigma-1-0-mm-3D_glszm_HighGrayLevelZoneEmphasis,0.8422498554077502,0
862,wavelet-HLL_glcm_DifferenceVariance,0.842239185750636,0
863,wavelet-LLH_glcm_JointAverage,0.8422377622377623,0
864,wavelet-LLH_glcm_SumAverage,0.8422377622377623,0
865,wavelet-HHL_gldm_LargeDependenceEmphasis,0.8421333333333333,1
866,wavelet-HLL_gldm_DependenceEntropy,0.8420512820512821,1
867,wavelet-LHL_gldm_SmallDependenceHighGrayLevelEmphasis,0.8420394119487019,0
868,wavelet-LHL_firstorder_RootMeanSquared,0.8419766494705403,0
869,wavelet-HLH_firstorder_MeanAbsoluteDeviation,0.8419606709080393,0
870,wavelet-HLH_firstorder_Variance,0.8418150975402883,0
871,log-sigma-5-0-mm-3D_ngtdm_Complexity,0.8418150975402883,0
872,wavelet-LHH_glcm_Idmn,0.8417777777777778,0
873,original_glcm_DifferenceEntropy,0.8415945449777079,1
874,log-sigma-1-0-mm-3D_glcm_ClusterShade,0.8415570175438597,1
875,original_firstorder_Skewness,0.841504779525131,0
876,wavelet-HLH_glrlm_ShortRunEmphasis,0.841504779525131,1
877,wavelet-LHL_glrlm_RunEntropy,0.8414820473644004,1
878,wavelet-LHH_gldm_LargeDependenceEmphasis,0.8414814814814815,0
879,wavelet-LHH_glrlm_LongRunHighGrayLevelEmphasis,0.8414808461978275,0
880,log-sigma-1-0-mm-3D_glrlm_ShortRunHighGrayLevelEmphasis,0.8414808461978273,0
881,wavelet-HHL_firstorder_Range,0.8414666666666667,0
882,log-sigma-2-0-mm-3D_glcm_MCC,0.8412698412698413,0
883,wavelet-LLH_firstorder_Range,0.8412377096587623,0
884,log-sigma-4-0-mm-3D_glcm_Id,0.8412000000000001,0
885,log-sigma-4-0-mm-3D_glcm_Idm,0.8412000000000001,0
886,wavelet-LHL_glrlm_LongRunLowGrayLevelEmphasis,0.8411964230650633,1
887,wavelet-LHH_gldm_LargeDependenceHighGrayLevelEmphasis,0.8411851851851853,0
888,wavelet-HHH_glcm_SumEntropy,0.8411188811188811,1
889,log-sigma-1-0-mm-3D_gldm_HighGrayLevelEmphasis,0.841052029731275,0
890,wavelet-HLL_glcm_DifferenceEntropy,0.841037037037037,0
891,log-sigma-1-0-mm-3D_glcm_MCC,0.841000807102502,0
892,log-sigma-5-0-mm-3D_glcm_MaximumProbability,0.8409727527374586,0
893,wavelet-LLH_firstorder_Minimum,0.8409090909090909,1
894,wavelet-LLL_glcm_MaximumProbability,0.8408697800840128,0
895,wavelet-HLL_glcm_MaximumProbability,0.8407936507936509,1
896,wavelet-LLH_gldm_HighGrayLevelEmphasis,0.8406993006993007,0
897,wavelet-LLL_glrlm_ShortRunLowGrayLevelEmphasis,0.8406318423522052,1
898,log-sigma-4-0-mm-3D_glrlm_GrayLevelNonUniformityNormalized,0.8406190605484659,0
899,wavelet-HLH_gldm_SmallDependenceHighGrayLevelEmphasis,0.8405797101449275,1
900,log-sigma-5-0-mm-3D_glcm_JointEnergy,0.8405605499735589,0
901,log-sigma-4-0-mm-3D_firstorder_Mean,0.8405428329092451,1
902,log-sigma-4-0-mm-3D_firstorder_RootMeanSquared,0.8405428329092451,1
903,wavelet-LLL_gldm_SmallDependenceHighGrayLevelEmphasis,0.8404802744425386,0
904,log-sigma-2-0-mm-3D_glszm_SmallAreaEmphasis,0.8404634581105169,0
905,original_firstorder_Kurtosis,0.8403726708074534,0
906,wavelet-LLH_glszm_GrayLevelNonUniformityNormalized,0.8401937046004843,0
907,log-sigma-3-0-mm-3D_glszm_GrayLevelVariance,0.8401937046004843,0
908,wavelet-LHH_ngtdm_Contrast,0.8401860744297719,1
909,wavelet-LHH_gldm_HighGrayLevelEmphasis,0.840176399026764,0
910,wavelet-HLL_glrlm_ShortRunEmphasis,0.8401481481481481,0
911,wavelet-HLL_glcm_JointEntropy,0.8400360144057621,0
912,wavelet-HLH_glrlm_LongRunHighGrayLevelEmphasis,0.8400243309002433,0
913,wavelet-HLH_glszm_ZoneEntropy,0.8399778516057586,1
914,wavelet-LLH_glcm_Autocorrelation,0.8397202797202797,0
915,wavelet-HLH_firstorder_90Percentile,0.8397037037037036,0
916,log-sigma-5-0-mm-3D_glcm_ClusterTendency,0.8396556362658057,1
917,log-sigma-5-0-mm-3D_glcm_SumSquares,0.8396556362658057,1
918,wavelet-LHH_glrlm_RunEntropy,0.8396471949103529,0
919,wavelet-HHL_gldm_SmallDependenceEmphasis,0.8396381578947367,0
920,wavelet-LHL_glcm_SumSquares,0.8395784543325527,1
921,wavelet-HLL_glcm_ClusterProminence,0.8395211191821361,0
922,log-sigma-4-0-mm-3D_glcm_Imc2,0.8395211191821361,1
923,log-sigma-5-0-mm-3D_firstorder_Mean,0.8395010964912281,1
924,wavelet-HHL_gldm_HighGrayLevelEmphasis,0.8394666666666666,0
925,log-sigma-3-0-mm-3D_glcm_ClusterProminence,0.8394119310149845,0
926,wavelet-LLL_glrlm_LongRunHighGrayLevelEmphasis,0.8394074074074074,0
927,wavelet-HHL_glszm_SmallAreaLowGrayLevelEmphasis,0.8393866020984665,1
928,wavelet-HHL_glszm_LowGrayLevelZoneEmphasis,0.8393707033315705,1
929,log-sigma-3-0-mm-3D_gldm_DependenceNonUniformityNormalized,0.8393333333333334,0
930,wavelet-HLL_gldm_LargeDependenceLowGrayLevelEmphasis,0.8393006993006993,1
931,wavelet-LLL_glrlm_LowGrayLevelRunEmphasis,0.8392639902676399,1
932,wavelet-LHH_glcm_Idn,0.8392592592592593,0
933,wavelet-LLH_glrlm_RunPercentage,0.8392307692307692,0
934,wavelet-HLL_firstorder_Uniformity,0.8391119221411193,1
935,wavelet-HLL_glrlm_GrayLevelNonUniformityNormalized,0.8391119221411193,1
936,original_gldm_SmallDependenceLowGrayLevelEmphasis,0.8390678761338756,1
937,wavelet-LLH_firstorder_90Percentile,0.8390628978864273,1
938,wavelet-LHH_glszm_LowGrayLevelZoneEmphasis,0.8390379278445884,1
939,wavelet-LLL_gldm_LargeDependenceHighGrayLevelEmphasis,0.8389855942376951,0
940,log-sigma-4-0-mm-3D_glcm_DifferenceAverage,0.8389830508474576,1
941,wavelet-LHL_glcm_ClusterProminence,0.8389721074380165,1
942,log-sigma-4-0-mm-3D_glcm_JointEntropy,0.8388485337637881,1
943,wavelet-HLL_glcm_ClusterShade,0.8388429752066116,1
944,wavelet-HHL_glcm_Autocorrelation,0.838841882601798,0
945,log-sigma-5-0-mm-3D_firstorder_RootMeanSquared,0.8388157894736843,1
946,wavelet-HHL_firstorder_Kurtosis,0.8387978142076503,0
947,wavelet-LHL_gldm_DependenceVariance,0.8387650085763294,1
948,log-sigma-1-0-mm-3D_glrlm_RunVariance,0.8387412587412587,1
949,wavelet-LLL_gldm_LargeDependenceLowGrayLevelEmphasis,0.8387295713845205,1
950,wavelet-HLH_gldm_LargeDependenceLowGrayLevelEmphasis,0.8387179487179487,1
951,log-sigma-1-0-mm-3D_firstorder_Maximum,0.838635049161365,0
952,log-sigma-5-0-mm-3D_glrlm_GrayLevelVariance,0.8386220697541452,0
953,log-sigma-5-0-mm-3D_glcm_JointEntropy,0.8385333333333332,1
954,wavelet-HLL_glcm_Autocorrelation,0.8382810291207239,0
955,wavelet-HLL_glcm_JointAverage,0.8382810291207239,0
956,wavelet-HLL_glcm_SumAverage,0.8382810291207239,0
957,wavelet-HLL_gldm_HighGrayLevelEmphasis,0.8382810291207239,0
958,wavelet-HLL_glrlm_HighGrayLevelRunEmphasis,0.8382810291207239,0
959,wavelet-HHL_firstorder_Skewness,0.8382773874577154,0
960,log-sigma-5-0-mm-3D_glcm_SumEntropy,0.8382666666666666,1
961,wavelet-HLL_gldm_DependenceNonUniformityNormalized,0.8382608695652174,0
962,wavelet-LHH_glrlm_RunVariance,0.8381973140495868,1
963,log-sigma-3-0-mm-3D_firstorder_Median,0.8381759483454398,1
964,wavelet-HLL_glszm_SmallAreaEmphasis,0.8381128584643848,1
965,wavelet-LLL_glszm_HighGrayLevelZoneEmphasis,0.8380852340936374,0
966,log-sigma-5-0-mm-3D_glszm_GrayLevelNonUniformityNormalized,0.8380852340936374,1
967,original_gldm_LargeDependenceHighGrayLevelEmphasis,0.8380740740740741,0
968,wavelet-HLL_gldm_DependenceVariance,0.8380681818181819,1
969,wavelet-HHL_ngtdm_Complexity,0.8380414312617703,0
970,wavelet-HHH_firstorder_RootMeanSquared,0.8380398671096345,0
971,wavelet-HLL_glszm_SizeZoneNonUniformityNormalized,0.8379953379953381,1
972,wavelet-LLH_glrlm_HighGrayLevelRunEmphasis,0.8379073756432247,0
973,log-sigma-4-0-mm-3D_glcm_SumEntropy,0.8379069141781006,1
974,wavelet-LLH_gldm_SmallDependenceHighGrayLevelEmphasis,0.8379020979020979,0
975,wavelet-LHH_glcm_DifferenceEntropy,0.8378563596491229,0
976,wavelet-HLL_glcm_Imc1,0.8378378378378379,1
977,wavelet-HLL_firstorder_Median,0.8378099173553719,0
978,wavelet-HLL_glszm_LowGrayLevelZoneEmphasis,0.8377644368210405,1
979,wavelet-LLL_gldm_LowGrayLevelEmphasis,0.8377433090024331,1
980,wavelet-LHH_glcm_JointEntropy,0.8377192982456139,0
981,wavelet-LHH_glcm_ClusterShade,0.8376296296296296,1
982,log-sigma-4-0-mm-3D_firstorder_Entropy,0.8376,1
983,wavelet-LLL_glcm_Autocorrelation,0.8375912408759124,0
984,wavelet-LLL_glcm_JointAverage,0.8375912408759124,0
985,wavelet-LLL_glcm_SumAverage,0.8375912408759124,0
986,wavelet-LLL_gldm_HighGrayLevelEmphasis,0.8375912408759124,0
987,wavelet-LLL_glrlm_HighGrayLevelRunEmphasis,0.8375912408759124,0
988,wavelet-LLL_glcm_Correlation,0.837518107194592,1
989,wavelet-HLH_gldm_HighGrayLevelEmphasis,0.8374966060276948,1
990,original_glszm_SmallAreaHighGrayLevelEmphasis,0.8374849939975991,0
991,log-sigma-5-0-mm-3D_glrlm_GrayLevelNonUniformityNormalized,0.8374666666666666,0
992,log-sigma-5-0-mm-3D_glcm_Correlation,0.8374304945858941,0
993,wavelet-LLH_firstorder_RootMeanSquared,0.8373608471354874,0
994,wavelet-LHL_glcm_SumEntropy,0.8372933884297521,1
995,wavelet-LHH_glcm_Autocorrelation,0.8372841673983026,0
996,log-sigma-1-0-mm-3D_gldm_GrayLevelVariance,0.8372093023255814,1
997,wavelet-HHL_glrlm_RunPercentage,0.8372,0
998,wavelet-HLL_glszm_ZonePercentage,0.8371891266628109,0
999,wavelet-HHL_gldm_LowGrayLevelEmphasis,0.837123215230037,1
1000,wavelet-HHL_glrlm_LowGrayLevelRunEmphasis,0.837123215230037,1
1001,wavelet-HHL_glrlm_ShortRunLowGrayLevelEmphasis,0.837123215230037,1
1002,log-sigma-4-0-mm-3D_gldm_GrayLevelVariance,0.837123215230037,1
1003,wavelet-LHH_firstorder_Maximum,0.8370445344129555,0
1004,wavelet-HLH_glrlm_ShortRunLowGrayLevelEmphasis,0.837037037037037,1
1005,wavelet-LHL_gldm_DependenceEntropy,0.8370351239669421,1
1006,original_glrlm_ShortRunHighGrayLevelEmphasis,0.8370348139255703,0
1007,wavelet-HLH_firstorder_Range,0.8370087644896806,0
1008,log-sigma-2-0-mm-3D_glrlm_GrayLevelVariance,0.8369910100475938,1
1009,wavelet-HHL_firstorder_RootMeanSquared,0.8369652945924132,0
1010,log-sigma-1-0-mm-3D_firstorder_Skewness,0.8369592714394132,1
1011,wavelet-HLH_glrlm_LowGrayLevelRunEmphasis,0.8368969298245613,1
1012,wavelet-LHL_gldm_LargeDependenceEmphasis,0.8368,0
1013,wavelet-HHL_gldm_DependenceVariance,0.8366228070175439,0
1014,wavelet-HLL_glszm_HighGrayLevelZoneEmphasis,0.8365846762793328,0
1015,wavelet-LHH_firstorder_Kurtosis,0.8364272262577348,0
1016,wavelet-LLL_glrlm_LongRunLowGrayLevelEmphasis,0.8364091335627151,1
1017,log-sigma-4-0-mm-3D_glcm_ClusterTendency,0.8363999999999999,1
1018,log-sigma-4-0-mm-3D_glcm_SumSquares,0.8363999999999999,1
1019,log-sigma-5-0-mm-3D_firstorder_Uniformity,0.8362927091740652,0
1020,wavelet-HHL_glrlm_RunLengthNonUniformityNormalized,0.8362666666666667,0
1021,log-sigma-1-0-mm-3D_glcm_DifferenceAverage,0.8361333333333333,0
1022,wavelet-HHL_firstorder_Mean,0.8360839160839161,1
1023,wavelet-LHH_glcm_ClusterProminence,0.8360655737704918,1
1024,wavelet-HLL_gldm_SmallDependenceEmphasis,0.8360323886639676,0
1025,log-sigma-1-0-mm-3D_firstorder_Minimum,0.835944055944056,1
1026,wavelet-LHL_glrlm_RunLengthNonUniformityNormalized,0.8359333685880486,1
1027,log-sigma-1-0-mm-3D_glcm_ClusterTendency,0.8358250276854928,1
1028,original_glrlm_ShortRunLowGrayLevelEmphasis,0.8357835470753833,1
1029,wavelet-HHL_glszm_GrayLevelNonUniformityNormalized,0.8357664233576642,0
1030,log-sigma-1-0-mm-3D_firstorder_90Percentile,0.8357524828113063,1
1031,wavelet-LLH_ngtdm_Complexity,0.8357364998586373,0
1032,log-sigma-2-0-mm-3D_glrlm_RunEntropy,0.8356752537080405,1
1033,wavelet-LLH_glcm_Idmn,0.8356745683347966,0
1034,wavelet-HLL_glrlm_LongRunLowGrayLevelEmphasis,0.8356643356643356,1
1035,original_glszm_LowGrayLevelZoneEmphasis,0.8356460067838422,1
1036,wavelet-LHL_gldm_SmallDependenceEmphasis,0.835620123755717,1
1037,original_glcm_InverseVariance,0.8355704697986577,0
1038,wavelet-LLL_firstorder_Minimum,0.8355555555555555,1
1039,wavelet-HHL_gldm_SmallDependenceHighGrayLevelEmphasis,0.8355244755244755,0
1040,wavelet-HHH_firstorder_Kurtosis,0.8354978354978356,0
1041,wavelet-HLL_firstorder_MeanAbsoluteDeviation,0.8354622871046229,0
1042,wavelet-HHH_glcm_Autocorrelation,0.8354602226445832,1
1043,log-sigma-5-0-mm-3D_glcm_Imc1,0.8354074074074074,1
1044,original_firstorder_10Percentile,0.8353954927087937,0
1045,wavelet-HLH_glrlm_LongRunEmphasis,0.8353841536614646,0
1046,log-sigma-4-0-mm-3D_glcm_ClusterProminence,0.8353819139596137,0
1047,wavelet-LHL_glrlm_RunPercentage,0.8353333333333333,1
1048,wavelet-HHL_firstorder_Minimum,0.8353333333333333,1
1049,log-sigma-2-0-mm-3D_glcm_DifferenceEntropy,0.8353002884867559,1
1050,wavelet-HLL_glszm_SmallAreaLowGrayLevelEmphasis,0.8352592592592594,1
1051,original_glcm_JointEnergy,0.8352495107632094,0
1052,wavelet-HLL_glrlm_LowGrayLevelRunEmphasis,0.835104895104895,1
1053,log-sigma-4-0-mm-3D_glszm_SizeZoneNonUniformityNormalized,0.8349673202614379,0
1054,wavelet-HLL_gldm_LowGrayLevelEmphasis,0.8349650349650349,1
1055,wavelet-HHL_glrlm_HighGrayLevelRunEmphasis,0.8349333333333333,0
1056,wavelet-LHH_gldm_SmallDependenceHighGrayLevelEmphasis,0.8349056603773585,0
1057,wavelet-LHL_firstorder_Kurtosis,0.8348946135831381,0
1058,wavelet-LHL_glszm_SmallAreaLowGrayLevelEmphasis,0.8348756506651245,1
1059,wavelet-HLH_glcm_ClusterShade,0.8347469607011593,1
1060,wavelet-HHH_firstorder_Skewness,0.834715937657114,1
1061,wavelet-LLH_glrlm_LowGrayLevelRunEmphasis,0.8346853146853147,1
1062,wavelet-HHL_glrlm_ShortRunEmphasis,0.8345333333333333,0
1063,wavelet-HLL_firstorder_Entropy,0.8345185185185184,0
1064,log-sigma-3-0-mm-3D_glcm_Correlation,0.8345099103991311,1
1065,wavelet-LHL_firstorder_90Percentile,0.8345042935206869,1
1066,log-sigma-2-0-mm-3D_glcm_ClusterShade,0.8344094700026903,1
1067,wavelet-HLH_gldm_LargeDependenceHighGrayLevelEmphasis,0.8344055944055945,0
1068,wavelet-HHH_glcm_SumSquares,0.8343323343323343,0
1069,original_shape_Elongation,0.8343023255813954,0
1070,wavelet-HLH_gldm_LowGrayLevelEmphasis,0.8342147012162876,0
1071,wavelet-HHL_glcm_MaximumProbability,0.8342112964588821,1
1072,wavelet-HLL_glrlm_ShortRunLowGrayLevelEmphasis,0.8341258741258741,1
1073,wavelet-HLH_glszm_GrayLevelNonUniformityNormalized,0.8338461538461539,1
1074,wavelet-LHH_glszm_SmallAreaEmphasis,0.8337895377128954,0
1075,wavelet-HLH_glszm_GrayLevelVariance,0.8337574215436812,0
1076,wavelet-HHL_ngtdm_Strength,0.8337503909915546,1
1077,wavelet-LHL_glcm_DifferenceVariance,0.8337236533957846,1
1078,original_glcm_ClusterShade,0.8336507936507936,0
1079,wavelet-LHL_glcm_MCC,0.8336023675006726,0
1080,log-sigma-4-0-mm-3D_firstorder_Median,0.833467850417003,1
1081,wavelet-LLH_glszm_LowGrayLevelZoneEmphasis,0.8333333333333334,1
1082,log-sigma-3-0-mm-3D_glcm_ClusterTendency,0.8333333333333334,1
1083,log-sigma-1-0-mm-3D_glcm_DifferenceEntropy,0.8333333333333333,1
1084,log-sigma-3-0-mm-3D_glszm_SizeZoneNonUniformityNormalized,0.8333333333333333,0
1085,wavelet-LHH_firstorder_MeanAbsoluteDeviation,0.8332892649391855,1
1086,wavelet-HLL_glrlm_ShortRunHighGrayLevelEmphasis,0.8332867132867132,0
1087,log-sigma-3-0-mm-3D_glcm_SumSquares,0.8332032266458497,1
1088,wavelet-LLL_firstorder_Skewness,0.8331746031746032,0
1089,wavelet-LLH_firstorder_Kurtosis,0.8331570597567425,0
1090,wavelet-LHL_glrlm_LongRunEmphasis,0.8331570597567424,0
1091,wavelet-HLH_glcm_Idmn,0.8331468531468532,0
1092,wavelet-HLH_glcm_Idn,0.8331468531468532,0
1093,original_glszm_HighGrayLevelZoneEmphasis,0.8331332533013205,0
1094,log-sigma-3-0-mm-3D_gldm_GrayLevelVariance,0.8330731199583659,1
1095,log-sigma-1-0-mm-3D_gldm_LargeDependenceLowGrayLevelEmphasis,0.833006993006993,1
1096,wavelet-HLH_firstorder_Skewness,0.8329831932773109,1
1097,original_glcm_DifferenceAverage,0.832943013270882,1
1098,wavelet-HLL_glszm_SmallAreaHighGrayLevelEmphasis,0.8329221491228069,0
1099,wavelet-HLH_glrlm_RunLengthNonUniformityNormalized,0.8329028925619835,0
1100,wavelet-LLH_glrlm_ShortRunLowGrayLevelEmphasis,0.8328888888888889,1
1101,wavelet-HLL_glszm_GrayLevelVariance,0.8326827998959145,0
1102,wavelet-HLL_firstorder_Range,0.8325874125874126,0
1103,wavelet-LHH_firstorder_10Percentile,0.832552693208431,0
1104,wavelet-LHL_firstorder_Mean,0.8325333333333333,0
1105,log-sigma-2-0-mm-3D_glcm_Idm,0.8325333333333333,0
1106,log-sigma-1-0-mm-3D_glszm_ZoneEntropy,0.8324735270160195,1
1107,log-sigma-4-0-mm-3D_glcm_InverseVariance,0.8324154209284029,1
1108,wavelet-LHL_glszm_SmallAreaEmphasis,0.8323739035087719,1
1109,log-sigma-3-0-mm-3D_firstorder_Maximum,0.8322688564476886,0
1110,wavelet-LLH_glrlm_RunLengthNonUniformityNormalized,0.8322021116138764,0
1111,wavelet-LHL_ngtdm_Complexity,0.8321898227558605,0
1112,wavelet-HLL_gldm_SmallDependenceHighGrayLevelEmphasis,0.8321898227558605,0
1113,log-sigma-5-0-mm-3D_firstorder_Median,0.8320997807017544,0
1114,wavelet-LHL_glcm_Contrast,0.832032266458496,1
1115,wavelet-LLH_glszm_HighGrayLevelZoneEmphasis,0.8319838056680162,0
1116,wavelet-HLL_ngtdm_Contrast,0.831688596491228,1
1117,original_gldm_LowGrayLevelEmphasis,0.8316605839416059,1
1118,original_glrlm_LowGrayLevelRunEmphasis,0.8316605839416059,1
1119,wavelet-LLH_glrlm_LongRunHighGrayLevelEmphasis,0.8316326530612245,0
1120,wavelet-HHL_glcm_Imc2,0.8316,0
1121,wavelet-HLL_glrlm_RunVariance,0.83155002891845,1
1122,wavelet-LHL_firstorder_Entropy,0.831511839708561,1
1123,wavelet-LLL_glszm_ZoneEntropy,0.83140444166406,0
1124,log-sigma-2-0-mm-3D_glcm_DifferenceAverage,0.8311739820200952,1
1125,wavelet-LLL_glcm_MCC,0.8310909980430528,1
1126,wavelet-LHL_glrlm_ShortRunEmphasis,0.831041776837652,1
1127,wavelet-HLL_glrlm_LongRunEmphasis,0.8309716599190283,1
1128,wavelet-HHH_glszm_LowGrayLevelZoneEmphasis,0.8309360730593607,1
1129,wavelet-LLH_glcm_ClusterShade,0.8308416389811739,0
1130,wavelet-LHH_glcm_Imc2,0.8307692307692308,0
1131,wavelet-HLL_gldm_SmallDependenceLowGrayLevelEmphasis,0.8306666666666668,1
1132,original_firstorder_Minimum,0.8306666666666666,1
1133,wavelet-HLH_glrlm_RunEntropy,0.8306595365418895,1
1134,wavelet-LHL_glrlm_RunVariance,0.8306451612903225,0
1135,wavelet-HLL_firstorder_Mean,0.8305729025251154,0
1136,wavelet-HHL_glszm_HighGrayLevelZoneEmphasis,0.8305333333333332,0
1137,wavelet-LHL_glszm_ZonePercentage,0.8304263565891474,1
1138,wavelet-LLH_firstorder_Mean,0.8303013847407005,0
1139,log-sigma-2-0-mm-3D_firstorder_Median,0.8302394404089319,1
1140,wavelet-LHL_glcm_Imc2,0.8300806661462399,0
1141,wavelet-LHL_glcm_DifferenceEntropy,0.8300550747442959,1
1142,wavelet-LHL_glcm_Imc1,0.8300000000000001,0
1143,original_glcm_JointAverage,0.8299878345498783,0
1144,original_glcm_SumAverage,0.8299878345498783,0
1145,wavelet-LLL_glrlm_ShortRunHighGrayLevelEmphasis,0.8299878345498783,0
1146,wavelet-HLL_firstorder_Maximum,0.8299678080187298,0
1147,wavelet-LLH_glcm_Idn,0.8294871794871794,1
1148,wavelet-HLL_gldm_GrayLevelVariance,0.8294739851343625,0
1149,log-sigma-2-0-mm-3D_glcm_Id,0.8294553146483342,0
1150,original_glrlm_HighGrayLevelRunEmphasis,0.8293795620437956,0
1151,wavelet-LHL_glcm_JointEntropy,0.8293000260213375,1
1152,wavelet-HLH_gldm_LargeDependenceEmphasis,0.8292682926829268,1
1153,log-sigma-5-0-mm-3D_glszm_SizeZoneNonUniformityNormalized,0.8292589763177999,0
1154,wavelet-HHH_glcm_Idmn,0.8292436124462433,1
1155,wavelet-HHH_glcm_Idn,0.8292436124462433,1
1156,wavelet-HHH_glszm_GrayLevelVariance,0.8292309831734112,1
1157,wavelet-HLH_ngtdm_Contrast,0.8290909090909091,1
1158,log-sigma-1-0-mm-3D_firstorder_RootMeanSquared,0.8290398126463701,0
1159,wavelet-LHH_firstorder_Median,0.8288097257562906,0
1160,wavelet-LHL_gldm_DependenceNonUniformityNormalized,0.828668363019508,0
1161,wavelet-LLL_firstorder_Kurtosis,0.8286627335299902,0
1162,log-sigma-2-0-mm-3D_firstorder_Maximum,0.8286508633304068,0
1163,original_glcm_MaximumProbability,0.8285406182602445,0
1164,log-sigma-1-0-mm-3D_glcm_Contrast,0.8285365191420038,0
1165,log-sigma-1-0-mm-3D_glszm_GrayLevelVariance,0.8285333333333333,1
1166,wavelet-HLL_firstorder_Skewness,0.8284813925570228,0
1167,log-sigma-4-0-mm-3D_glcm_MaximumProbability,0.8284615384615386,0
1168,wavelet-HHH_glcm_ClusterTendency,0.8284615384615385,1
1169,wavelet-HHH_glcm_Contrast,0.8284615384615385,0
1170,wavelet-HHH_glcm_Correlation,0.8284615384615385,1
1171,wavelet-HHH_glcm_DifferenceAverage,0.8284615384615385,0
1172,wavelet-HHH_glcm_Id,0.8284615384615385,1
1173,wavelet-HHH_glcm_Idm,0.8284615384615385,1
1174,wavelet-HHH_glcm_InverseVariance,0.8284615384615385,0
1175,wavelet-LHH_firstorder_Mean,0.8284007602497964,1
1176,log-sigma-1-0-mm-3D_glrlm_RunLengthNonUniformityNormalized,0.8284007602497964,0
1177,log-sigma-2-0-mm-3D_glcm_DifferenceVariance,0.8283991228070176,0
1178,wavelet-HHL_glszm_SmallAreaHighGrayLevelEmphasis,0.8283976731887891,0
1179,log-sigma-3-0-mm-3D_glcm_DifferenceEntropy,0.8283976731887891,1
1180,wavelet-LHH_glrlm_LongRunEmphasis,0.8283358320839579,1
1181,wavelet-HLH_glrlm_RunPercentage,0.8283304745568897,1
1182,wavelet-LLL_glcm_ClusterShade,0.8282539682539681,0
1183,log-sigma-4-0-mm-3D_glcm_Correlation,0.8282442748091603,0
1184,original_glcm_Autocorrelation,0.8281630170316302,0
1185,original_gldm_HighGrayLevelEmphasis,0.8281630170316302,0
1186,wavelet-LHH_glcm_MCC,0.8281333333333334,0
1187,wavelet-HHL_glrlm_ShortRunHighGrayLevelEmphasis,0.8280000000000001,0
1188,log-sigma-3-0-mm-3D_glcm_Idm,0.8278688524590164,0
1189,wavelet-HHH_firstorder_Median,0.82786673553719,0
1190,log-sigma-1-0-mm-3D_firstorder_Mean,0.8278205128205128,0
1191,wavelet-HLH_glcm_JointAverage,0.8278181329028786,1
1192,wavelet-HLH_glcm_SumAverage,0.8278181329028786,1
1193,wavelet-LLH_glszm_SmallAreaLowGrayLevelEmphasis,0.827772900204858,1
1194,wavelet-HHL_gldm_LargeDependenceLowGrayLevelEmphasis,0.8277333333333332,1
1195,wavelet-LLH_ngtdm_Contrast,0.8276265730172666,1
1196,wavelet-HHH_ngtdm_Contrast,0.8275641025641025,0
1197,wavelet-HHH_glszm_HighGrayLevelZoneEmphasis,0.8274628508530545,1
1198,log-sigma-3-0-mm-3D_glcm_InverseVariance,0.8274324678730659,1
1199,wavelet-LHL_glcm_JointEnergy,0.8274324678730658,0
1200,wavelet-LLH_glcm_JointEntropy,0.8274125874125874,0
1201,log-sigma-3-0-mm-3D_glcm_Contrast,0.8273400317292438,1
1202,wavelet-HHL_glcm_Imc1,0.827336331834083,1
1203,log-sigma-5-0-mm-3D_glszm_SmallAreaEmphasis,0.8269628099173554,0
1204,log-sigma-5-0-mm-3D_glcm_ClusterProminence,0.8267486098917178,0
1205,wavelet-LHH_firstorder_90Percentile,0.8266456858116968,1
1206,log-sigma-3-0-mm-3D_glcm_Id,0.8265145554681353,0
1207,wavelet-LLH_glszm_GrayLevelVariance,0.8264802631578947,0
1208,wavelet-LHH_glcm_SumEntropy,0.8264722698684963,0
1209,wavelet-HLL_glrlm_LongRunHighGrayLevelEmphasis,0.8264145954521417,0
1210,wavelet-HHL_gldm_SmallDependenceLowGrayLevelEmphasis,0.8261774655217278,1
1211,wavelet-HLH_glcm_Autocorrelation,0.8261501850872555,1
1212,wavelet-LHL_firstorder_RobustMeanAbsoluteDeviation,0.8261211644374508,1
1213,original_glrlm_LongRunEmphasis,0.8259175465057819,0
1214,log-sigma-5-0-mm-3D_glszm_GrayLevelVariance,0.8258741258741258,0
1215,wavelet-LHL_firstorder_InterquartileRange,0.8258589037503279,1
1216,wavelet-LHH_firstorder_Variance,0.8257871454592767,1
1217,log-sigma-5-0-mm-3D_glrlm_LongRunLowGrayLevelEmphasis,0.8256855824056476,1
1218,log-sigma-2-0-mm-3D_firstorder_Mean,0.8254891591750397,0
1219,log-sigma-3-0-mm-3D_glcm_MaximumProbability,0.8254666666666667,0
1220,log-sigma-3-0-mm-3D_firstorder_RootMeanSquared,0.8254429678848284,1
1221,wavelet-HHH_glcm_ClusterProminence,0.8253968253968254,1
1222,log-sigma-3-0-mm-3D_glcm_DifferenceAverage,0.8253343823760818,1
1223,log-sigma-4-0-mm-3D_glcm_Imc1,0.8253225398431572,0
1224,original_glcm_Idm,0.8252890899949724,0
1225,wavelet-LHL_ngtdm_Strength,0.8251748251748251,1
1226,wavelet-LHH_firstorder_InterquartileRange,0.8250065053343743,1
1227,wavelet-LHH_firstorder_RobustMeanAbsoluteDeviation,0.8250065053343743,1
1228,wavelet-HLH_firstorder_Minimum,0.8249929318631608,1
1229,log-sigma-3-0-mm-3D_glcm_DifferenceVariance,0.8249603384452671,1
1230,log-sigma-2-0-mm-3D_glcm_MaximumProbability,0.8248987854251013,1
1231,log-sigma-2-0-mm-3D_glrlm_RunVariance,0.8248355263157895,0
1232,log-sigma-5-0-mm-3D_firstorder_Entropy,0.824828133262824,1
1233,log-sigma-3-0-mm-3D_glrlm_GrayLevelVariance,0.8247552447552448,0
1234,wavelet-HLH_glrlm_ShortRunHighGrayLevelEmphasis,0.8246654501216544,1
1235,log-sigma-1-0-mm-3D_glcm_ClusterProminence,0.8245995112679881,0
1236,wavelet-HLL_glcm_Idn,0.8245333333333335,1
1237,log-sigma-1-0-mm-3D_glrlm_LongRunLowGrayLevelEmphasis,0.8244755244755244,1
1238,wavelet-LHL_glcm_DifferenceAverage,0.8244315177154945,1
1239,wavelet-LHL_firstorder_Uniformity,0.8244164699711514,0
1240,wavelet-HHH_glcm_ClusterShade,0.824184163926132,1
1241,wavelet-LLH_glrlm_ShortRunEmphasis,0.8241578682755153,0
1242,wavelet-HHL_glrlm_LongRunLowGrayLevelEmphasis,0.8240516545601291,0
1243,wavelet-LLH_firstorder_Maximum,0.8240423098913664,0
1244,wavelet-LHL_firstorder_MeanAbsoluteDeviation,0.8240230789404668,1
1245,wavelet-LHL_glrlm_GrayLevelNonUniformityNormalized,0.8240230789404668,0
1246,wavelet-LLH_firstorder_Median,0.824,0
1247,log-sigma-4-0-mm-3D_glszm_GrayLevelNonUniformityNormalized,0.8239656518345043,0
1248,wavelet-HLH_glrlm_HighGrayLevelRunEmphasis,0.823876096491228,0
1249,wavelet-HLL_glrlm_GrayLevelVariance,0.8237704918032787,1
1250,wavelet-HHL_glrlm_LongRunEmphasis,0.8236481033091202,1
1251,wavelet-LHL_glszm_SizeZoneNonUniformityNormalized,0.8236434108527132,1
1252,log-sigma-2-0-mm-3D_glcm_ClusterProminence,0.8236434108527132,0
1253,log-sigma-1-0-mm-3D_gldm_SmallDependenceHighGrayLevelEmphasis,0.8235049833887043,0
1254,wavelet-LLH_firstorder_Skewness,0.8234985575662208,1
1255,original_glcm_Id,0.8233383308345827,0
1256,wavelet-HLL_glcm_Idmn,0.8232965790217699,0
1257,wavelet-LHL_firstorder_10Percentile,0.8231850117096019,0
1258,log-sigma-4-0-mm-3D_glrlm_GrayLevelVariance,0.8230666666666667,1
1259,log-sigma-1-0-mm-3D_glrlm_LongRunEmphasis,0.82281284606866,1
1260,wavelet-HLL_firstorder_Variance,0.8227558604917095,0
1261,wavelet-LLH_glszm_ZoneEntropy,0.8226645849596669,1
1262,wavelet-HHL_glrlm_RunVariance,0.8225333333333333,1
1263,wavelet-HLL_gldm_LargeDependenceHighGrayLevelEmphasis,0.8224273689926689,0
1264,original_glrlm_RunVariance,0.8223942969518191,0
1265,wavelet-HHL_gldm_DependenceEntropy,0.8223684210526315,1
1266,original_shape_Flatness,0.8223183844741674,0
1267,wavelet-LHL_glcm_ClusterShade,0.822316234796404,1
1268,log-sigma-2-0-mm-3D_firstorder_RootMeanSquared,0.8221872541306058,0
1269,log-sigma-5-0-mm-3D_glcm_Imc2,0.8221684153887544,1
1270,log-sigma-3-0-mm-3D_firstorder_Mean,0.8219822812846069,1
1271,wavelet-HHL_gldm_DependenceNonUniformityNormalized,0.8219822812846067,1
1272,wavelet-LHL_glcm_Id,0.8219196192490745,0
1273,wavelet-LHL_glcm_Idm,0.8219196192490745,0
1274,original_shape_Sphericity,0.821907412092082,0
1275,log-sigma-2-0-mm-3D_glcm_InverseVariance,0.8216303470540758,1
1276,wavelet-LLL_gldm_DependenceNonUniformityNormalized,0.8214769647696477,0
1277,wavelet-HLH_glrlm_LongRunLowGrayLevelEmphasis,0.8213333333333332,0
1278,wavelet-HLL_glcm_SumSquares,0.8211835334476844,0
1279,wavelet-LHH_glcm_MaximumProbability,0.8211761379700311,1
1280,log-sigma-1-0-mm-3D_glcm_JointEnergy,0.8211284513805522,1
1281,original_glszm_SizeZoneNonUniformityNormalized,0.8211263881544157,1
1282,wavelet-LLL_gldm_DependenceVariance,0.8210344827586207,1
1283,wavelet-HLL_glcm_MCC,0.820874861572536,0
1284,wavelet-LHH_glszm_SizeZoneNonUniformityNormalized,0.8207116788321169,0
1285,log-sigma-2-0-mm-3D_gldm_DependenceNonUniformityNormalized,0.8206993006993006,1
1286,log-sigma-2-0-mm-3D_glcm_Contrast,0.8204196933010492,1
1287,wavelet-HHH_glcm_JointAverage,0.8201438848920863,1
1288,wavelet-HHH_glcm_SumAverage,0.8201438848920863,1
1289,wavelet-LHH_firstorder_Skewness,0.8201282051282051,0
1290,original_gldm_LargeDependenceEmphasis,0.8199548678272083,1
1291,log-sigma-1-0-mm-3D_glrlm_RunPercentage,0.8198479500407276,0
1292,wavelet-HHH_ngtdm_Complexity,0.8198043363299842,0
1293,wavelet-HLL_glcm_SumEntropy,0.819647201946472,0
1294,log-sigma-1-0-mm-3D_glszm_GrayLevelNonUniformityNormalized,0.8194777911164466,0
1295,wavelet-HLL_glcm_ClusterTendency,0.8194077207826547,1
1296,wavelet-HHL_glcm_InverseVariance,0.8193440082644627,0
1297,wavelet-HLH_glszm_SmallAreaLowGrayLevelEmphasis,0.8183844741673223,1
1298,wavelet-LHL_glcm_MaximumProbability,0.8181153058238221,1
1299,original_gldm_DependenceVariance,0.8179723502304147,1
1300,original_glrlm_RunPercentage,0.8179660169915043,1
1301,original_firstorder_Maximum,0.8168904958677686,1
1302,wavelet-HHH_gldm_HighGrayLevelEmphasis,0.8168677727501258,0
1303,wavelet-HHH_gldm_LowGrayLevelEmphasis,0.8168677727501258,1
1304,wavelet-LLL_firstorder_Maximum,0.816836262719704,0
1305,original_gldm_DependenceNonUniformityNormalized,0.8167141500474834,1
1306,wavelet-HLH_glrlm_RunVariance,0.814831945729263,0
1307,wavelet-LLL_firstorder_10Percentile,0.801470588235294,0
1308,wavelet-LLL_firstorder_Median,0.7900363967242948,0
1309,original_firstorder_90Percentile,0.787281683833408,0
1310,original_firstorder_Mean,0.7859417652411284,0
1311,wavelet-LLL_firstorder_Mean,0.7859417652411284,0
1312,original_firstorder_Median,0.785375118708452,0
1313,wavelet-LLL_firstorder_90Percentile,0.7823655913978494,0
1314,original_firstorder_RootMeanSquared,0.7789498359118612,0
1315,wavelet-LLL_firstorder_RootMeanSquared,0.7709503745318352,1
